Date,City,Dealer_ID,Car_Model,Price,Discount,Marketing_Spend,Festival,Fuel_Price,Units_Sold
2022-03-01,Bangalore,D7806,Baleno,880000,10,119569,1,88.17,41200
2022-07-01,Bangalore,D6644,Baleno,800000,2,37848,0,91.27,10843
2022-08-01,Bangalore,D3914,Baleno,950000,7,77208,1,88.85,28377
2022-09-01,Bangalore,D5968,Baleno,720000,4,49614,0,90.02,12030
2022-12-01,Bangalore,D1728,Baleno,720000,5,75923,1,90.17,26529
2024-02-01,Bangalore,D6486,Baleno,720000,3,33726,0,97.97,11268
2024-03-01,Bangalore,D9335,Baleno,950000,6,77723,1,94.4,28856
2024-07-01,Bangalore,D8192,Baleno,880000,5,42178,0,96.22,12252
2024-11-01,Bangalore,D2167,Baleno,720000,9,163360,2,95.42,75163
2025-01-01,Bangalore,D3156,Baleno,950000,10,72443,1,99.22,24956
2022-01-01,Chennai,D6104,Baleno,880000,5,58125,1,91.94,19057
2022-11-01,Chennai,D9787,Baleno,800000,10,119882,2,90.93,44876
2023-03-01,Chennai,D1698,Baleno,950000,6,54114,1,92.19,19603
2023-05-01,Chennai,D1395,Baleno,800000,2,37761,0,93.76,10309
2023-08-01,Chennai,D5171,Baleno,800000,7,75426,1,94.04,26742
2023-11-01,Chennai,D1717,Baleno,880000,13,83712,2,91.04,41031
2024-05-01,Chennai,D8266,Baleno,880000,5,64958,0,97.2,21310
2024-06-01,Chennai,D5491,Baleno,950000,6,39108,0,94.82,10316
2024-08-01,Chennai,D6588,Baleno,880000,9,85643,1,96.93,25757
2024-09-01,Chennai,D8651,Baleno,800000,6,61324,0,96.46,20567
2025-05-01,Chennai,D7541,Baleno,720000,4,41207,0,99.98,14632
2025-07-01,Chennai,D8330,Baleno,720000,4,65757,0,100.83,18531
2023-07-01,Delhi,D9082,Baleno,800000,4,63768,0,93.55,16526
2023-12-01,Delhi,D3782,Baleno,800000,7,51367,1,91.99,17821
2024-01-01,Delhi,D5946,Baleno,880000,9,101924,1,96.91,28934
2024-10-01,Delhi,D4636,Baleno,950000,8,183896,2,94.75,93509
2025-03-01,Delhi,D6161,Baleno,720000,7,113449,1,100.04,43690
2025-06-01,Delhi,D5729,Baleno,720000,3,55537,0,97.81,17573
2025-10-01,Delhi,D5330,Baleno,800000,8,86471,2,97.6,42883
2022-02-01,Hyderabad,D3143,Baleno,720000,5,66059,0,91.75,16496
2022-04-01,Hyderabad,D8357,Baleno,720000,6,67873,0,88.66,20202
2022-05-01,Hyderabad,D4440,Baleno,720000,3,47087,0,88.53,14787
2022-10-01,Hyderabad,D6917,Baleno,720000,16,146024,2,91.36,53481
2023-01-01,Hyderabad,D2365,Baleno,880000,6,79165,1,93.36,24327
2023-06-01,Hyderabad,D8400,Baleno,880000,6,61116,0,94.49,17870
2023-10-01,Hyderabad,D3502,Baleno,800000,15,183754,2,92.85,93862
2024-12-01,Hyderabad,D2062,Baleno,880000,9,58927,1,97.14,21815
2025-02-01,Hyderabad,D8860,Baleno,800000,6,44437,0,97.02,13313
2025-12-01,Hyderabad,D7801,Baleno,950000,7,81348,1,100.51,41513
2022-06-01,Mumbai,D4766,Baleno,720000,4,35704,0,90.9,11046
2023-02-01,Mumbai,D5492,Baleno,880000,5,31667,0,93.03,8540
2023-04-01,Mumbai,D8186,Baleno,720000,2,66321,0,93.26,18548
2023-09-01,Mumbai,D5360,Baleno,880000,3,47772,0,91.64,12141
2024-04-01,Mumbai,D5980,Baleno,880000,6,67574,0,95.61,21842
2025-04-01,Mumbai,D6305,Baleno,950000,3,69778,0,97.14,23184
2025-08-01,Mumbai,D6334,Baleno,880000,9,72612,1,98.47,28252
2025-09-01,Mumbai,D9924,Baleno,880000,6,58441,0,98.31,19924
2025-11-01,Mumbai,D9010,Baleno,800000,13,115631,2,98.22,60166
2026-01-01,Mumbai,D5846,Baleno,800000,8,114732,1,103.99,43020
2022-06-01,Bangalore,D2542,Brezza,950000,4,41556,0,89.57,11027
2025-05-01,Bangalore,D2531,Brezza,1150000,2,64905,0,99.94,18216
2025-06-01,Bangalore,D8576,Brezza,950000,3,50829,0,100.99,13871
2025-08-01,Bangalore,D1928,Brezza,1150000,9,94139,1,99.57,31380
2025-09-01,Bangalore,D6029,Brezza,1150000,4,59734,0,98.68,15216
2025-11-01,Bangalore,D3105,Brezza,1050000,10,143646,2,100.14,49001
2022-01-01,Chennai,D7731,Brezza,950000,5,51177,1,89.47,15988
2022-02-01,Chennai,D8241,Brezza,950000,4,34760,0,89.79,8571
2022-03-01,Chennai,D1953,Brezza,1150000,7,82779,1,90.89,21882
2022-04-01,Chennai,D3539,Brezza,950000,2,51636,0,91.54,11760
2022-08-01,Chennai,D2191,Brezza,1050000,5,61563,1,90.78,18705
2022-10-01,Chennai,D7938,Brezza,950000,17,171055,2,90.48,56772
2023-01-01,Chennai,D7172,Brezza,950000,7,76987,1,91.37,22700
2023-05-01,Chennai,D9702,Brezza,1150000,4,63174,0,91.26,13393
2023-08-01,Chennai,D2324,Brezza,1050000,5,89310,1,93.24,27197
2023-09-01,Chennai,D4141,Brezza,1050000,4,38906,0,93.41,10127
2024-05-01,Chennai,D9905,Brezza,950000,5,58211,0,95.34,15852
2024-06-01,Chennai,D6977,Brezza,1050000,3,57117,0,97.14,15248
2024-07-01,Chennai,D5268,Brezza,1150000,6,66378,0,96.83,15109
2025-04-01,Chennai,D2214,Brezza,1150000,2,53171,0,99.39,14597
2022-07-01,Delhi,D6293,Brezza,1050000,6,57598,0,89.65,15150
2023-10-01,Delhi,D8419,Brezza,950000,14,116914,2,93.71,42122
2024-04-01,Delhi,D5186,Brezza,1050000,3,37151,0,94.23,10737
2024-09-01,Delhi,D5849,Brezza,1050000,5,36894,0,96.07,8917
2024-12-01,Delhi,D9647,Brezza,950000,9,104691,1,95.31,34841
2025-01-01,Delhi,D4072,Brezza,1050000,10,114157,1,98.74,37659
2025-02-01,Delhi,D7530,Brezza,1050000,4,42289,0,97.35,11984
2025-03-01,Delhi,D1504,Brezza,1050000,5,94976,1,97.88,32728
2025-07-01,Delhi,D1823,Brezza,950000,5,64054,0,100.73,15821
2025-10-01,Delhi,D1133,Brezza,1150000,13,152588,2,99.54,46063
2022-05-01,Hyderabad,D8056,Brezza,950000,6,46353,0,90.37,11664
2023-02-01,Hyderabad,D6541,Brezza,950000,5,43178,0,93.35,9138
2023-11-01,Hyderabad,D4486,Brezza,950000,17,190350,2,94.22,78626
2023-12-01,Hyderabad,D2810,Brezza,950000,6,95379,1,92.08,29676
2024-02-01,Hyderabad,D3923,Brezza,1050000,6,36012,0,95.99,10026
2024-08-01,Hyderabad,D5748,Brezza,1150000,9,92652,1,97.15,25466
2024-10-01,Hyderabad,D4709,Brezza,1050000,14,93467,2,95.76,36230
2024-11-01,Hyderabad,D7619,Brezza,1050000,9,111010,2,94.59,50867
2025-12-01,Hyderabad,D4627,Brezza,1050000,10,53654,1,97.47,21025
2022-09-01,Mumbai,D7313,Brezza,1150000,6,38234,0,88.01,9394
2022-11-01,Mumbai,D3681,Brezza,950000,11,106966,2,89.42,35186
2022-12-01,Mumbai,D2540,Brezza,1150000,11,109889,1,91.18,38779
2023-03-01,Mumbai,D2365,Brezza,1050000,11,108348,1,92.92,26432
2023-04-01,Mumbai,D9691,Brezza,1150000,6,54596,0,93.57,14173
2023-06-01,Mumbai,D8494,Brezza,1150000,6,34431,0,93.32,7652
2023-07-01,Mumbai,D5312,Brezza,1150000,3,57764,0,93.25,14636
2024-01-01,Mumbai,D7588,Brezza,950000,7,87650,1,97.3,23970
2024-03-01,Mumbai,D6301,Brezza,1150000,10,100115,1,94.31,30619
2026-01-01,Mumbai,D7316,Brezza,1150000,11,68743,1,101.64,26295
2022-09-01,Bangalore,D4486,Dzire,750000,5,43673,0,88.1,9993
2022-11-01,Bangalore,D9053,Dzire,900000,11,168204,2,89.09,81289
2022-12-01,Bangalore,D4330,Dzire,900000,6,115429,1,90.07,37371
2023-02-01,Bangalore,D9662,Dzire,900000,4,64068,0,94.76,18636
2023-04-01,Bangalore,D8114,Dzire,750000,5,58552,0,92.72,16822
2023-08-01,Bangalore,D8575,Dzire,750000,10,81401,1,94.21,25022
2024-02-01,Bangalore,D8483,Dzire,900000,6,66451,0,95.99,19170
2024-09-01,Bangalore,D8312,Dzire,820000,5,33040,0,97.01,9840
2025-01-01,Bangalore,D3779,Dzire,900000,11,67633,1,97.23,21892
2025-02-01,Bangalore,D1924,Dzire,820000,4,59344,0,98.13,15497
2022-03-01,Chennai,D5175,Dzire,750000,6,56441,1,90.29,17273
2022-05-01,Chennai,D7190,Dzire,900000,5,42149,0,88.74,9341
2022-10-01,Chennai,D4584,Dzire,750000,11,156666,2,91.33,60433
2023-12-01,Chennai,D4719,Dzire,900000,6,84084,1,91.32,29318
2024-04-01,Chennai,D5964,Dzire,820000,5,61910,0,96.92,14911
2024-06-01,Chennai,D4775,Dzire,750000,4,53384,0,94.64,13846
2024-11-01,Chennai,D7132,Dzire,900000,8,144174,2,97.83,69585
2025-03-01,Chennai,D2581,Dzire,900000,7,67014,1,98.05,25340
2025-09-01,Chennai,D5804,Dzire,900000,5,53711,0,98.8,15958
2025-10-01,Chennai,D2838,Dzire,750000,8,171658,2,100.11,76806
2025-11-01,Chennai,D1009,Dzire,820000,10,137993,2,97.26,53439
2025-12-01,Chennai,D3871,Dzire,820000,9,77213,1,98.95,34261
2026-01-01,Chennai,D9989,Dzire,750000,5,107784,1,100.13,47155
2022-02-01,Delhi,D5910,Dzire,820000,2,54489,0,89.54,12124
2022-04-01,Delhi,D6348,Dzire,900000,5,54611,0,90.35,13996
2022-07-01,Delhi,D4376,Dzire,900000,6,51675,0,89.34,14809
2023-01-01,Delhi,D3703,Dzire,900000,8,73669,1,92.19,24126
2023-05-01,Delhi,D2353,Dzire,820000,2,67384,0,94.49,17559
2023-09-01,Delhi,D1667,Dzire,900000,3,36295,0,92.83,8612
2024-03-01,Delhi,D1539,Dzire,820000,8,57227,1,95.75,18572
2025-07-01,Delhi,D8026,Dzire,900000,3,46014,0,98.09,14931
2022-08-01,Hyderabad,D6645,Dzire,750000,10,92668,1,88.1,24484
2023-03-01,Hyderabad,D9120,Dzire,900000,5,59435,1,92.04,16402
2023-06-01,Hyderabad,D6063,Dzire,750000,3,46393,0,94.37,13048
2024-01-01,Hyderabad,D3745,Dzire,820000,10,105826,1,96.91,28815
2024-05-01,Hyderabad,D5835,Dzire,900000,4,66041,0,97.06,18727
2024-07-01,Hyderabad,D7042,Dzire,820000,5,30145,0,96.44,8861
2024-08-01,Hyderabad,D8102,Dzire,750000,9,115481,1,94.54,31985
2024-10-01,Hyderabad,D6320,Dzire,900000,14,187958,2,96.63,78092
2024-12-01,Hyderabad,D8891,Dzire,820000,10,76160,1,94.28,24907
2025-06-01,Hyderabad,D6713,Dzire,750000,3,32852,0,98.0,10201
2025-08-01,Hyderabad,D1255,Dzire,750000,9,83755,1,100.04,27962
2022-01-01,Mumbai,D2852,Dzire,820000,6,98368,1,91.36,27432
2022-06-01,Mumbai,D2256,Dzire,820000,6,64566,0,89.45,15389
2023-07-01,Mumbai,D9549,Dzire,900000,2,40617,0,91.74,11462
2023-10-01,Mumbai,D5468,Dzire,900000,15,199503,2,92.93,86148
2023-11-01,Mumbai,D7819,Dzire,750000,9,195760,2,91.53,78280
2025-04-01,Mumbai,D8714,Dzire,750000,3,44996,0,97.99,14841
2025-05-01,Mumbai,D4324,Dzire,900000,3,41695,0,100.63,11457
2022-01-01,Bangalore,D8409,Ertiga,1400000,11,57421,1,88.25,16440
2022-08-01,Bangalore,D5158,Ertiga,1400000,10,81910,1,88.09,23564
2023-01-01,Bangalore,D5000,Ertiga,1250000,8,101501,1,91.21,28807
2023-02-01,Bangalore,D2633,Ertiga,1100000,5,68467,0,92.68,14722
2023-06-01,Bangalore,D1404,Ertiga,1250000,4,61007,0,92.03,14742
2023-09-01,Bangalore,D6989,Ertiga,1250000,4,42323,0,93.26,9992
2024-06-01,Bangalore,D6997,Ertiga,1250000,6,32472,0,97.4,7238
2024-11-01,Bangalore,D6565,Ertiga,1400000,9,90756,2,96.89,33329
2025-07-01,Bangalore,D5363,Ertiga,1100000,6,38533,0,100.78,9215
2026-01-01,Bangalore,D7544,Ertiga,1250000,7,103363,1,102.18,41089
2022-03-01,Chennai,D6124,Ertiga,1400000,9,67727,1,88.56,18915
2022-10-01,Chennai,D7970,Ertiga,1100000,10,135754,2,91.85,53728
2023-08-01,Chennai,D3000,Ertiga,1100000,10,89532,1,91.79,20000
2023-11-01,Chennai,D8190,Ertiga,1400000,12,192356,2,94.89,58372
2024-03-01,Chennai,D5178,Ertiga,1250000,6,104624,1,94.6,30971
2024-04-01,Chennai,D8245,Ertiga,1400000,5,40106,0,94.9,10140
2025-03-01,Chennai,D8239,Ertiga,1400000,8,64484,1,97.33,18673
2025-10-01,Chennai,D9580,Ertiga,1400000,9,138576,2,98.85,69906
2025-12-01,Chennai,D5858,Ertiga,1400000,11,59686,1,99.6,22128
2022-04-01,Delhi,D2015,Ertiga,1250000,4,34358,0,90.13,7176
2022-05-01,Delhi,D3193,Ertiga,1400000,5,58482,0,89.64,10830
2022-06-01,Delhi,D9415,Ertiga,1250000,3,62117,0,89.39,15282
2022-07-01,Delhi,D8449,Ertiga,1400000,5,53164,0,91.6,11272
2022-09-01,Delhi,D4925,Ertiga,1400000,4,62496,0,90.66,15472
2022-12-01,Delhi,D5784,Ertiga,1250000,10,79371,1,91.75,23471
2023-03-01,Delhi,D8266,Ertiga,1250000,9,67625,1,92.04,15588
2023-05-01,Delhi,D1384,Ertiga,1400000,6,40793,0,94.93,10464
2023-10-01,Delhi,D2460,Ertiga,1250000,16,191335,2,92.86,77094
2023-12-01,Delhi,D8140,Ertiga,1250000,7,64210,1,93.43,20243
2024-01-01,Delhi,D4636,Ertiga,1400000,7,66456,1,95.4,20227
2024-07-01,Delhi,D3048,Ertiga,1100000,4,36704,0,96.24,9589
2024-09-01,Delhi,D1716,Ertiga,1100000,2,33713,0,94.46,9002
2024-10-01,Delhi,D8939,Ertiga,1100000,15,150587,2,97.44,61775
2024-12-01,Delhi,D5544,Ertiga,1100000,11,118011,1,94.27,37328
2025-05-01,Delhi,D9865,Ertiga,1250000,2,38258,0,98.94,10746
2025-06-01,Delhi,D1770,Ertiga,1250000,6,65196,0,97.66,15410
2022-11-01,Hyderabad,D7938,Ertiga,1100000,8,142438,2,90.24,44537
2023-04-01,Hyderabad,D9702,Ertiga,1100000,6,63893,0,93.92,14739
2024-08-01,Hyderabad,D5780,Ertiga,1250000,5,114315,1,96.09,35243
2025-04-01,Hyderabad,D1249,Ertiga,1250000,2,64503,0,98.83,17660
2025-09-01,Hyderabad,D9427,Ertiga,1250000,4,49201,0,99.68,11778
2022-02-01,Mumbai,D8418,Ertiga,1100000,6,51400,0,91.63,12615
2023-07-01,Mumbai,D9175,Ertiga,1250000,5,55766,0,93.62,12954
2024-02-01,Mumbai,D5809,Ertiga,1100000,2,61367,0,94.46,15826
2024-05-01,Mumbai,D7600,Ertiga,1100000,3,67957,0,95.0,15609
2025-01-01,Mumbai,D5976,Ertiga,1250000,8,86378,1,99.83,26013
2025-02-01,Mumbai,D4419,Ertiga,1250000,4,34255,0,99.17,8947
2025-08-01,Mumbai,D2077,Ertiga,1100000,11,55249,1,100.4,13463
2025-11-01,Mumbai,D8901,Ertiga,1100000,11,198562,2,98.65,80477
2022-01-01,Bangalore,D5719,Fronx,1000000,9,50661,1,88.25,9616
2022-06-01,Bangalore,D5673,Fronx,1000000,4,55592,0,91.15,9471
2022-10-01,Bangalore,D7241,Fronx,1000000,14,197181,2,89.32,50159
2022-12-01,Bangalore,D7941,Fronx,1100000,10,118619,1,90.08,24810
2023-03-01,Bangalore,D5261,Fronx,1000000,8,89891,1,94.52,19939
2023-05-01,Bangalore,D6115,Fronx,1100000,2,64447,0,91.96,12927
2023-07-01,Bangalore,D5854,Fronx,1100000,6,63004,0,94.94,11750
2023-08-01,Bangalore,D4177,Fronx,1000000,9,105922,1,94.09,21438
2024-03-01,Bangalore,D4472,Fronx,1000000,9,63395,1,94.42,14840
2024-09-01,Bangalore,D8941,Fronx,1000000,2,39715,0,94.82,7931
2025-09-01,Bangalore,D7031,Fronx,1100000,2,67174,0,100.17,18384
2025-12-01,Bangalore,D2887,Fronx,1100000,6,115450,1,100.62,55355
2026-01-01,Bangalore,D4266,Fronx,1100000,8,60382,1,101.11,17508
2022-04-01,Chennai,D2252,Fronx,900000,5,40526,0,89.84,6187
2022-09-01,Chennai,D7949,Fronx,900000,2,65433,0,88.66,12654
2023-01-01,Chennai,D8002,Fronx,900000,8,79328,1,91.82,15190
2023-02-01,Chennai,D2331,Fronx,1000000,5,50103,0,94.51,9414
2023-04-01,Chennai,D8648,Fronx,900000,2,40754,0,94.48,7971
2023-09-01,Chennai,D8730,Fronx,1100000,3,59301,0,91.11,12089
2023-10-01,Chennai,D3180,Fronx,1000000,15,171652,2,91.26,46233
2024-04-01,Chennai,D6449,Fronx,900000,3,50421,0,96.63,10475
2024-10-01,Chennai,D6569,Fronx,1000000,13,99169,2,96.09,32087
2025-01-01,Chennai,D4818,Fronx,1100000,10,55782,1,99.31,15158
2025-02-01,Chennai,D2906,Fronx,900000,4,52641,0,99.54,11533
2025-06-01,Chennai,D8350,Fronx,1000000,2,68067,0,99.13,12944
2022-02-01,Delhi,D3814,Fronx,900000,5,60137,0,90.05,10952
2022-07-01,Delhi,D5530,Fronx,900000,5,58982,0,88.81,9287
2022-08-01,Delhi,D7881,Fronx,900000,10,50207,1,89.03,10098
2023-11-01,Delhi,D5892,Fronx,900000,15,142711,2,92.86,40754
2023-12-01,Delhi,D8043,Fronx,900000,7,91323,1,94.64,19838
2024-02-01,Delhi,D7327,Fronx,1100000,2,62376,0,95.99,13980
2024-05-01,Delhi,D3832,Fronx,900000,3,56342,0,97.29,10752
2024-06-01,Delhi,D4579,Fronx,1000000,4,34895,0,95.52,6156
2024-12-01,Delhi,D7269,Fronx,1000000,7,66163,1,97.17,17196
2025-03-01,Delhi,D7254,Fronx,1100000,5,85585,1,100.19,20787
2025-05-01,Delhi,D8830,Fronx,1100000,5,48880,0,100.66,9725
2025-10-01,Delhi,D8687,Fronx,1100000,17,170373,2,98.27,75902
2025-11-01,Delhi,D9472,Fronx,900000,15,163362,2,100.43,42498
2022-03-01,Hyderabad,D4374,Fronx,1000000,9,110963,1,91.23,18598
2022-11-01,Hyderabad,D9017,Fronx,1000000,8,168733,2,91.03,48807
2025-07-01,Hyderabad,D7238,Fronx,900000,5,48073,0,97.63,9377
2025-08-01,Hyderabad,D7090,Fronx,900000,8,86035,1,99.78,21596
2022-05-01,Mumbai,D7996,Fronx,1000000,3,33374,0,88.21,6529
2023-06-01,Mumbai,D5637,Fronx,900000,5,45901,0,92.8,9764
2024-01-01,Mumbai,D1137,Fronx,900000,9,68752,1,96.15,12943
2024-07-01,Mumbai,D6971,Fronx,900000,6,41023,0,97.1,7153
2024-08-01,Mumbai,D5164,Fronx,1000000,5,60699,1,97.86,12566
2024-11-01,Mumbai,D5300,Fronx,1000000,16,198413,2,95.15,60398
2025-04-01,Mumbai,D1760,Fronx,900000,2,60682,0,98.58,12903
2022-01-01,Bangalore,D1666,Grand Vitara,1700000,5,54437,1,91.93,11197
2022-05-01,Bangalore,D8570,Grand Vitara,1700000,2,66875,0,91.58,10607
2022-09-01,Bangalore,D5777,Grand Vitara,1300000,5,55169,0,90.46,8429
2022-11-01,Bangalore,D7677,Grand Vitara,1700000,13,114594,2,91.53,27991
2023-05-01,Bangalore,D8240,Grand Vitara,1700000,3,61750,0,93.67,10768
2024-02-01,Bangalore,D2276,Grand Vitara,1300000,4,58937,0,96.88,10688
2024-06-01,Bangalore,D1055,Grand Vitara,1300000,2,38286,0,94.75,6468
2024-07-01,Bangalore,D9717,Grand Vitara,1700000,3,35901,0,97.43,7127
2024-09-01,Bangalore,D3125,Grand Vitara,1300000,3,55709,0,96.16,8828
2024-10-01,Bangalore,D1364,Grand Vitara,1700000,11,111055,2,96.84,26200
2024-11-01,Bangalore,D7809,Grand Vitara,1700000,14,117685,2,95.26,27746
2025-08-01,Bangalore,D2531,Grand Vitara,1300000,8,67347,1,99.85,12892
2025-10-01,Bangalore,D4345,Grand Vitara,1700000,9,111822,2,97.4,31124
2022-02-01,Chennai,D5188,Grand Vitara,1500000,3,35435,0,88.56,5961
2022-04-01,Chennai,D7777,Grand Vitara,1700000,2,54819,0,88.74,7665
2022-07-01,Chennai,D6124,Grand Vitara,1500000,2,63328,0,88.61,9083
2022-08-01,Chennai,D6585,Grand Vitara,1300000,9,62329,1,89.76,11295
2023-08-01,Chennai,D6240,Grand Vitara,1500000,11,74226,1,94.53,14915
2023-10-01,Chennai,D3878,Grand Vitara,1500000,8,136154,2,91.65,36774
2024-01-01,Chennai,D5432,Grand Vitara,1300000,9,105249,1,96.11,19513
2024-05-01,Chennai,D1638,Grand Vitara,1300000,2,59984,0,96.93,11883
2025-03-01,Chennai,D2646,Grand Vitara,1700000,10,101112,1,98.43,18838
2025-06-01,Chennai,D7506,Grand Vitara,1500000,4,65732,0,98.34,10240
2025-09-01,Chennai,D9172,Grand Vitara,1700000,3,46920,0,100.3,7575
2026-01-01,Chennai,D7882,Grand Vitara,1300000,11,57967,1,101.39,9422
2022-03-01,Delhi,D1671,Grand Vitara,1500000,5,114612,1,88.81,20209
2022-06-01,Delhi,D8956,Grand Vitara,1500000,6,61982,0,90.62,9660
2022-10-01,Delhi,D4900,Grand Vitara,1500000,17,167468,2,88.33,43936
2022-12-01,Delhi,D7981,Grand Vitara,1700000,11,110631,1,91.21,20331
2023-07-01,Delhi,D7190,Grand Vitara,1700000,3,38264,0,91.66,5549
2023-09-01,Delhi,D7493,Grand Vitara,1300000,5,36721,0,92.71,5212
2023-11-01,Delhi,D5143,Grand Vitara,1500000,15,100609,2,91.05,28644
2024-03-01,Delhi,D6811,Grand Vitara,1300000,7,55656,1,97.56,11136
2024-04-01,Delhi,D1302,Grand Vitara,1300000,2,38984,0,94.32,6913
2025-02-01,Delhi,D6122,Grand Vitara,1300000,5,65298,0,98.84,12484
2025-04-01,Delhi,D1918,Grand Vitara,1500000,3,53429,0,98.98,9212
2025-11-01,Delhi,D8673,Grand Vitara,1300000,13,126659,2,97.96,38095
2025-12-01,Delhi,D7949,Grand Vitara,1300000,8,90108,1,97.57,17500
2023-01-01,Hyderabad,D7376,Grand Vitara,1700000,6,95033,1,93.02,18077
2023-06-01,Hyderabad,D7937,Grand Vitara,1300000,3,59619,0,93.54,8921
2023-12-01,Hyderabad,D4644,Grand Vitara,1300000,7,102130,1,93.24,23263
2024-08-01,Hyderabad,D9150,Grand Vitara,1500000,8,81552,1,97.28,17890
2025-01-01,Hyderabad,D6126,Grand Vitara,1500000,8,61138,1,100.29,11441
2025-05-01,Hyderabad,D3797,Grand Vitara,1500000,3,35772,0,100.31,7197
2025-07-01,Hyderabad,D6870,Grand Vitara,1700000,2,69905,0,97.7,13990
2023-02-01,Mumbai,D1523,Grand Vitara,1700000,3,37629,0,94.87,6501
2023-03-01,Mumbai,D3393,Grand Vitara,1300000,10,102290,1,92.67,19157
2023-04-01,Mumbai,D3593,Grand Vitara,1500000,3,58495,0,94.94,10779
2024-12-01,Mumbai,D5621,Grand Vitara,1700000,7,64716,1,95.88,13251
2022-04-01,Bangalore,D6750,Ignis,550000,6,58179,0,90.48,3633
2022-11-01,Bangalore,D1125,Ignis,700000,14,152146,2,90.7,13905
2023-06-01,Bangalore,D1232,Ignis,700000,4,60158,0,94.35,3276
2023-11-01,Bangalore,D7738,Ignis,620000,17,150984,2,92.22,12859
2024-02-01,Bangalore,D6401,Ignis,700000,6,39074,0,95.22,2507
2024-09-01,Bangalore,D6622,Ignis,700000,3,53312,0,95.04,3969
2025-01-01,Bangalore,D4735,Ignis,700000,8,91779,1,97.44,6402
2026-01-01,Bangalore,D1117,Ignis,620000,6,77605,1,101.12,3191
2022-01-01,Chennai,D2906,Ignis,620000,8,61871,1,89.8,4201
2022-05-01,Chennai,D9905,Ignis,700000,4,65262,0,89.41,3372
2022-12-01,Chennai,D5632,Ignis,550000,9,89922,1,89.3,7200
2023-02-01,Chennai,D4596,Ignis,620000,4,61497,0,91.28,4340
2025-05-01,Chennai,D5324,Ignis,700000,5,45422,0,99.19,2663
2025-08-01,Chennai,D8489,Ignis,620000,7,101196,1,97.44,9262
2025-10-01,Chennai,D9195,Ignis,620000,11,176774,2,97.17,11681
2025-12-01,Chennai,D9837,Ignis,700000,9,76715,1,100.67,7440
2022-06-01,Delhi,D2062,Ignis,620000,3,42677,0,91.37,2782
2022-09-01,Delhi,D7229,Ignis,550000,5,67947,0,90.54,3515
2023-01-01,Delhi,D7288,Ignis,620000,11,92913,1,93.75,6848
2023-05-01,Delhi,D9258,Ignis,550000,3,56526,0,91.91,3398
2023-08-01,Delhi,D5206,Ignis,620000,5,87846,1,93.57,6349
2024-06-01,Delhi,D2460,Ignis,550000,2,62003,0,97.06,4248
2024-07-01,Delhi,D2733,Ignis,620000,6,64406,0,97.15,4481
2024-08-01,Delhi,D2605,Ignis,620000,11,104823,1,96.66,8013
2025-03-01,Delhi,D3590,Ignis,700000,8,62411,1,98.84,4075
2025-07-01,Delhi,D1005,Ignis,550000,2,35693,0,100.91,2467
2025-11-01,Delhi,D6966,Ignis,700000,17,176410,2,99.96,20262
2022-02-01,Hyderabad,D4086,Ignis,550000,6,58763,0,91.0,3047
2022-03-01,Hyderabad,D9152,Ignis,700000,5,83613,1,90.6,4803
2022-07-01,Hyderabad,D2976,Ignis,700000,4,48268,0,89.89,3037
2022-08-01,Hyderabad,D2296,Ignis,700000,11,110545,1,91.92,6647
2022-10-01,Hyderabad,D8641,Ignis,550000,15,172822,2,88.51,17917
2023-03-01,Hyderabad,D7168,Ignis,550000,8,105677,1,91.7,8846
2023-04-01,Hyderabad,D8561,Ignis,620000,3,66618,0,94.42,4474
2024-10-01,Hyderabad,D7767,Ignis,620000,15,123108,2,97.63,12172
2025-04-01,Hyderabad,D2063,Ignis,620000,5,67285,0,100.46,5217
2025-09-01,Hyderabad,D9659,Ignis,700000,2,44818,0,98.69,2680
2023-07-01,Mumbai,D7371,Ignis,700000,6,55032,0,92.12,3686
2023-09-01,Mumbai,D8943,Ignis,550000,4,59794,0,93.78,3636
2023-10-01,Mumbai,D7891,Ignis,550000,10,141588,2,93.05,15449
2023-12-01,Mumbai,D3472,Ignis,700000,7,100331,1,91.85,8835
2024-01-01,Mumbai,D3739,Ignis,620000,7,78141,1,94.13,4747
2024-03-01,Mumbai,D2761,Ignis,550000,9,56406,1,96.61,3602
2024-04-01,Mumbai,D1876,Ignis,700000,2,61823,0,97.75,3591
2024-05-01,Mumbai,D4812,Ignis,620000,5,53291,0,97.48,3066
2024-11-01,Mumbai,D7986,Ignis,700000,11,146918,2,96.68,14252
2024-12-01,Mumbai,D4517,Ignis,550000,9,84171,1,96.24,8019
2025-02-01,Mumbai,D9434,Ignis,550000,5,33292,0,98.79,2576
2025-06-01,Mumbai,D6342,Ignis,700000,3,62371,0,98.52,4764
2022-04-01,Bangalore,D1846,Swift,650000,3,34481,0,91.02,11257
2023-01-01,Bangalore,D2828,Swift,800000,6,72740,1,91.45,31234
2024-01-01,Bangalore,D6287,Swift,880000,9,79300,1,94.19,31535
2024-07-01,Bangalore,D2994,Swift,650000,5,58411,0,94.74,20904
2024-09-01,Bangalore,D8984,Swift,650000,2,51223,0,94.96,15583
2022-01-01,Chennai,D3551,Swift,800000,8,81174,1,91.43,29270
2022-11-01,Chennai,D3048,Swift,650000,10,85542,2,89.13,34157
2023-02-01,Chennai,D2917,Swift,650000,6,54817,0,93.81,16525
2023-06-01,Chennai,D4744,Swift,800000,3,30671,0,91.05,10288
2023-07-01,Chennai,D1009,Swift,800000,5,30163,0,92.88,9778
2023-08-01,Chennai,D1260,Swift,880000,10,91424,1,92.21,31121
2023-10-01,Chennai,D3219,Swift,800000,9,90634,2,92.19,43221
2023-12-01,Chennai,D3060,Swift,650000,9,72420,1,93.97,31794
2024-02-01,Chennai,D2619,Swift,650000,6,54345,0,97.61,20391
2024-05-01,Chennai,D3832,Swift,650000,6,55121,0,96.37,19580
2024-10-01,Chennai,D2604,Swift,720000,16,152930,2,97.18,88149
2025-05-01,Chennai,D9162,Swift,720000,2,62784,0,100.33,20361
2022-05-01,Delhi,D7316,Swift,720000,5,54282,0,91.22,15343
2022-10-01,Delhi,D7283,Swift,880000,13,186297,2,91.32,94524
2023-04-01,Delhi,D7988,Swift,880000,2,46052,0,91.39,13919
2024-08-01,Delhi,D4490,Swift,880000,6,83361,1,94.32,30156
2025-04-01,Delhi,D3635,Swift,720000,6,60911,0,97.25,21615
2025-07-01,Delhi,D6415,Swift,800000,5,63160,0,97.46,19695
2025-10-01,Delhi,D6468,Swift,650000,17,86172,2,99.68,49322
2025-12-01,Delhi,D7413,Swift,880000,10,70281,1,100.52,30214
2022-07-01,Hyderabad,D9915,Swift,880000,4,67605,0,91.85,18539
2023-03-01,Hyderabad,D5234,Swift,800000,11,106532,1,93.16,36757
2023-05-01,Hyderabad,D3026,Swift,720000,4,65153,0,91.97,20358
2023-09-01,Hyderabad,D7038,Swift,800000,3,34795,0,93.39,11974
2023-11-01,Hyderabad,D8041,Swift,880000,14,84798,2,92.2,41930
2024-03-01,Hyderabad,D9512,Swift,720000,5,60749,1,97.41,22702
2025-01-01,Hyderabad,D9567,Swift,720000,6,76035,1,100.98,29506
2025-03-01,Hyderabad,D6256,Swift,800000,9,69877,1,99.09,30117
2025-06-01,Hyderabad,D3560,Swift,720000,5,33191,0,99.4,12013
2026-01-01,Hyderabad,D7941,Swift,880000,10,78671,1,102.29,32468
2022-02-01,Mumbai,D6560,Swift,720000,3,39956,0,89.17,14383
2022-03-01,Mumbai,D5289,Swift,800000,11,119252,1,91.64,46086
2022-06-01,Mumbai,D7469,Swift,800000,3,36548,0,88.07,10393
2022-08-01,Mumbai,D1224,Swift,800000,7,73177,1,90.91,30094
2022-09-01,Mumbai,D5208,Swift,880000,3,54022,0,89.22,17650
2022-12-01,Mumbai,D7233,Swift,720000,9,110428,1,91.49,55255
2024-04-01,Mumbai,D2342,Swift,650000,5,68595,0,96.67,23884
2024-06-01,Mumbai,D3824,Swift,720000,2,67487,0,97.57,20399
2024-11-01,Mumbai,D1235,Swift,880000,16,94056,2,94.14,57034
2024-12-01,Mumbai,D2908,Swift,720000,8,78380,1,96.33,39107
2025-02-01,Mumbai,D4530,Swift,800000,4,60620,0,100.42,19380
2025-08-01,Mumbai,D4391,Swift,800000,9,114641,1,97.38,51001
2025-09-01,Mumbai,D6951,Swift,650000,4,33631,0,100.64,11342
2025-11-01,Mumbai,D9007,Swift,720000,10,122080,2,100.32,59196
2022-06-01,Bangalore,D5227,WagonR,680000,2,38080,0,90.41,11819
2022-09-01,Bangalore,D3136,WagonR,680000,4,61186,0,90.43,20352
2024-09-01,Bangalore,D6408,WagonR,600000,6,58138,0,95.93,16052
2025-06-01,Bangalore,D3243,WagonR,600000,4,65144,0,97.15,23556
2025-10-01,Bangalore,D7028,WagonR,680000,10,86979,2,99.29,43087
2022-07-01,Chennai,D1600,WagonR,600000,6,37099,0,91.57,10320
2023-01-01,Chennai,D6984,WagonR,600000,8,72614,1,91.95,24187
2023-04-01,Chennai,D3190,WagonR,600000,4,34940,0,92.54,9768
2023-06-01,Chennai,D3192,WagonR,750000,6,66224,0,93.61,22377
2023-10-01,Chennai,D4687,WagonR,600000,8,181015,2,93.03,76285
2024-04-01,Chennai,D9135,WagonR,680000,6,39866,0,94.18,11407
2024-06-01,Chennai,D8667,WagonR,600000,3,68098,0,95.11,21782
2025-02-01,Chennai,D2120,WagonR,600000,4,58270,0,99.07,18893
2025-05-01,Chennai,D6373,WagonR,680000,6,47630,0,97.88,16227
2025-07-01,Chennai,D3645,WagonR,600000,6,61182,0,97.43,19879
2025-08-01,Chennai,D5612,WagonR,600000,5,100979,1,98.36,43973
2025-11-01,Chennai,D8326,WagonR,750000,17,106189,2,99.05,41156
2022-02-01,Delhi,D3898,WagonR,750000,6,55364,0,89.72,15954
2022-11-01,Delhi,D8804,WagonR,600000,16,110111,2,90.37,46326
2023-03-01,Delhi,D5670,WagonR,680000,5,91991,1,91.42,31306
2023-11-01,Delhi,D5018,WagonR,750000,15,156816,2,93.54,82915
2024-11-01,Delhi,D1922,WagonR,750000,17,109956,2,96.44,52820
2025-04-01,Delhi,D3336,WagonR,750000,6,53888,0,97.03,17288
2025-12-01,Delhi,D7371,WagonR,750000,8,92600,1,98.17,40821
2026-01-01,Delhi,D7359,WagonR,680000,9,109560,1,103.73,36608
2022-01-01,Hyderabad,D5820,WagonR,750000,6,101431,1,90.07,33310
2022-03-01,Hyderabad,D8546,WagonR,750000,6,78602,1,89.27,23741
2022-04-01,Hyderabad,D1077,WagonR,680000,5,53253,0,89.74,13884
2022-05-01,Hyderabad,D8577,WagonR,600000,2,53472,0,91.1,13703
2022-10-01,Hyderabad,D7943,WagonR,600000,8,127684,2,90.53,53724
2022-12-01,Hyderabad,D7565,WagonR,750000,10,113936,1,90.81,49262
2023-02-01,Hyderabad,D6142,WagonR,680000,5,56724,0,93.05,15366
2023-05-01,Hyderabad,D3712,WagonR,750000,6,58758,0,92.95,20518
2023-09-01,Hyderabad,D2997,WagonR,680000,2,54034,0,93.97,18458
2023-12-01,Hyderabad,D2970,WagonR,600000,8,66531,1,91.28,28051
2024-03-01,Hyderabad,D2202,WagonR,680000,7,98355,1,95.89,33888
2024-12-01,Hyderabad,D1419,WagonR,600000,9,55439,1,95.12,23312
2025-01-01,Hyderabad,D3204,WagonR,750000,5,97241,1,97.83,33143
2022-08-01,Mumbai,D2065,WagonR,600000,8,75431,1,89.77,25513
2023-07-01,Mumbai,D2248,WagonR,600000,5,37788,0,94.8,12193
2023-08-01,Mumbai,D5033,WagonR,600000,9,78082,1,93.4,29391
2024-01-01,Mumbai,D9389,WagonR,680000,8,94857,1,95.02,37480
2024-02-01,Mumbai,D6765,WagonR,680000,5,40142,0,95.45,14598
2024-05-01,Mumbai,D6567,WagonR,680000,5,34531,0,94.56,10307
2024-07-01,Mumbai,D6742,WagonR,600000,3,68278,0,97.89,24459
2024-08-01,Mumbai,D6788,WagonR,600000,5,114027,1,95.33,48481
2024-10-01,Mumbai,D9669,WagonR,680000,11,172601,2,94.78,92122
2025-03-01,Mumbai,D1950,WagonR,600000,10,89279,1,97.02,38844
2025-09-01,Mumbai,D2865,WagonR,750000,2,62125,0,100.21,24259
2022-02-01,Bangalore,D4228,XL6,1550000,4,50669,0,88.35,4369
2022-03-01,Bangalore,D4719,XL6,1400000,7,56910,1,90.47,4632
2022-06-01,Bangalore,D4756,XL6,1700000,3,55227,0,90.03,4781
2022-10-01,Bangalore,D7898,XL6,1550000,9,188212,2,91.97,25234
2023-05-01,Bangalore,D9554,XL6,1550000,5,53953,0,93.86,3931
2023-07-01,Bangalore,D8783,XL6,1550000,3,52168,0,92.24,4348
2024-03-01,Bangalore,D6959,XL6,1550000,11,114946,1,94.24,10686
2024-10-01,Bangalore,D8196,XL6,1400000,9,117643,2,94.48,14576
2025-09-01,Bangalore,D2854,XL6,1550000,4,47030,0,97.04,4083
2025-11-01,Bangalore,D5662,XL6,1400000,12,94571,2,100.65,11304
2022-05-01,Chennai,D3891,XL6,1400000,2,50131,0,89.38,4285
2022-11-01,Chennai,D1793,XL6,1400000,14,119071,2,88.53,13735
2023-02-01,Chennai,D7166,XL6,1550000,5,59921,0,92.69,4851
2024-05-01,Chennai,D4177,XL6,1700000,2,48544,0,96.75,4819
2024-12-01,Chennai,D4797,XL6,1700000,6,93950,1,97.0,11811
2025-05-01,Chennai,D2645,XL6,1550000,2,45997,0,99.67,3647
2025-12-01,Chennai,D7514,XL6,1700000,5,107941,1,99.45,14872
2022-07-01,Delhi,D5225,XL6,1700000,6,35978,0,91.5,3241
2022-08-01,Delhi,D1094,XL6,1400000,5,67153,1,89.97,6125
2023-08-01,Delhi,D1984,XL6,1400000,8,88714,1,94.3,9328
2024-04-01,Delhi,D1126,XL6,1700000,3,63453,0,96.42,6280
2025-01-01,Delhi,D2792,XL6,1550000,11,106849,1,97.28,11883
2025-04-01,Delhi,D4417,XL6,1550000,4,69933,0,100.77,6345
2025-08-01,Delhi,D4072,XL6,1700000,5,73911,1,99.37,8324
2025-10-01,Delhi,D5021,XL6,1400000,12,174870,2,99.54,16367
2022-01-01,Hyderabad,D8863,XL6,1700000,6,111558,1,89.59,10927
2022-04-01,Hyderabad,D3371,XL6,1550000,3,64964,0,88.46,4650
2022-12-01,Hyderabad,D3116,XL6,1700000,8,119519,1,89.1,14650
2023-01-01,Hyderabad,D6779,XL6,1400000,10,59503,1,92.58,6241
2023-04-01,Hyderabad,D1345,XL6,1700000,6,46905,0,94.63,4163
2023-10-01,Hyderabad,D1827,XL6,1550000,12,157425,2,94.28,22011
2024-07-01,Hyderabad,D7024,XL6,1400000,4,60841,0,95.54,5498
2024-09-01,Hyderabad,D5146,XL6,1550000,3,40736,0,95.48,3332
2024-11-01,Hyderabad,D4368,XL6,1400000,8,130408,2,95.68,19313
2025-02-01,Hyderabad,D6732,XL6,1700000,2,64964,0,97.32,6456
2025-03-01,Hyderabad,D4476,XL6,1550000,8,78044,1,98.42,6936
2025-07-01,Hyderabad,D3872,XL6,1700000,2,63069,0,98.45,5665
2022-09-01,Mumbai,D3674,XL6,1700000,4,63548,0,90.81,4829
2023-03-01,Mumbai,D1814,XL6,1550000,11,107866,1,92.64,10430
2023-06-01,Mumbai,D3443,XL6,1400000,3,56806,0,93.43,5299
2023-09-01,Mumbai,D8790,XL6,1400000,3,69896,0,94.82,5503
2023-11-01,Mumbai,D4531,XL6,1700000,8,172949,2,91.01,22321
2023-12-01,Mumbai,D8147,XL6,1550000,11,52461,1,93.55,5157
2024-01-01,Mumbai,D5451,XL6,1400000,9,64291,1,94.2,7287
2024-02-01,Mumbai,D4876,XL6,1400000,6,41435,0,95.03,3141
2024-06-01,Mumbai,D9795,XL6,1400000,3,42258,0,94.46,3765
2024-08-01,Mumbai,D6109,XL6,1700000,6,98758,1,95.82,9677
2025-06-01,Mumbai,D4030,XL6,1400000,5,44215,0,99.71,4065
2026-01-01,Mumbai,D6031,XL6,1400000,6,108005,1,103.49,9170
