Date,City,Dealer_ID,Car_Model,Price,Discount,Marketing_Spend,Festival,Fuel_Price,Units_Sold,Lead_Time,Service_Level,Holding_Cost_Per_Unit,Previous_Month_Sales,Rolling_3M_Avg,Demand_Std_Dev,Forecasted_Demand
2022-08-01,Bangalore,D3914,Baleno,950000,7,77208,1,88.85,28377,1,0.95,19000.0,10843.0,26806.666666666668,19666.629436122952,28077.158333333333
2022-09-01,Bangalore,D5968,Baleno,720000,4,49614,0,90.02,12030,1,0.95,14400.0,28377.0,17083.333333333332,19666.629436122952,12899.241666666667
2022-12-01,Bangalore,D1728,Baleno,720000,5,75923,1,90.17,26529,1,0.95,14400.0,12030.0,22312.0,19666.629436122952,27218.2
2024-02-01,Bangalore,D6486,Baleno,720000,3,33726,0,97.97,11268,1,0.95,14400.0,26529.0,16609.0,19666.629436122952,9850.191666666668
2024-03-01,Bangalore,D9335,Baleno,950000,6,77723,1,94.4,28856,1,0.95,19000.0,11268.0,22217.666666666668,19666.629436122952,28141.95
2024-07-01,Bangalore,D8192,Baleno,880000,5,42178,0,96.22,12252,1,0.95,17600.0,28856.0,17458.666666666668,19666.629436122952,12183.566666666668
2024-11-01,Bangalore,D2167,Baleno,720000,9,163360,2,95.42,75163,1,0.95,14400.0,12252.0,38757.0,19666.629436122952,72178.425
2025-01-01,Bangalore,D3156,Baleno,950000,10,72443,1,99.22,24956,1,0.95,19000.0,75163.0,37457.0,19666.629436122952,25980.2
2023-03-01,Chennai,D1698,Baleno,950000,6,54114,1,92.19,19603,1,0.95,19000.0,44876.0,27845.333333333332,10754.249007703746,18948.3
2023-05-01,Chennai,D1395,Baleno,800000,2,37761,0,93.76,10309,1,0.95,16000.0,19603.0,24929.333333333332,10754.249007703746,11217.883333333333
2023-08-01,Chennai,D5171,Baleno,800000,7,75426,1,94.04,26742,1,0.95,16000.0,10309.0,18884.666666666668,10754.249007703746,26519.383333333335
2023-11-01,Chennai,D1717,Baleno,880000,13,83712,2,91.04,41031,1,0.95,17600.0,26742.0,26027.333333333332,10754.249007703746,38976.208333333336
2024-05-01,Chennai,D8266,Baleno,880000,5,64958,0,97.2,21310,1,0.95,17600.0,41031.0,29694.333333333332,10754.249007703746,20961.375
2024-06-01,Chennai,D5491,Baleno,950000,6,39108,0,94.82,10316,1,0.95,19000.0,21310.0,24219.0,10754.249007703746,10256.508333333333
2024-08-01,Chennai,D6588,Baleno,880000,9,85643,1,96.93,25757,1,0.95,17600.0,10316.0,19127.666666666668,10754.249007703746,27457.716666666667
2024-09-01,Chennai,D8651,Baleno,800000,6,61324,0,96.46,20567,1,0.95,16000.0,25757.0,18880.0,10754.249007703746,18616.558333333334
2025-05-01,Chennai,D7541,Baleno,720000,4,41207,0,99.98,14632,1,0.95,14400.0,20567.0,20318.666666666668,10754.249007703746,13832.908333333333
2025-07-01,Chennai,D8330,Baleno,720000,4,65757,0,100.83,18531,1,0.95,14400.0,14632.0,17910.0,10754.249007703746,18955.216666666667
2024-01-01,Delhi,D5946,Baleno,880000,9,101924,1,96.91,28934,1,0.95,17600.0,17821.0,21093.666666666668,27390.949933978452,29618.35
2024-10-01,Delhi,D4636,Baleno,950000,8,183896,2,94.75,93509,1,0.95,19000.0,28934.0,46754.666666666664,27390.949933978452,89533.70833333333
2025-03-01,Delhi,D6161,Baleno,720000,7,113449,1,100.04,43690,1,0.95,14400.0,93509.0,55377.666666666664,27390.949933978452,44378.78333333333
2025-06-01,Delhi,D5729,Baleno,720000,3,55537,0,97.81,17573,1,0.95,14400.0,43690.0,51590.666666666664,27390.949933978452,19034.016666666666
2025-10-01,Delhi,D5330,Baleno,800000,8,86471,2,97.6,42883,1,0.95,16000.0,17573.0,34715.333333333336,27390.949933978452,38913.083333333336
2022-05-01,Hyderabad,D4440,Baleno,720000,3,47087,0,88.53,14787,1,0.95,14400.0,20202.0,17161.666666666668,25310.553421229037,14093.525
2022-10-01,Hyderabad,D6917,Baleno,720000,16,146024,2,91.36,53481,1,0.95,14400.0,14787.0,29490.0,25310.553421229037,53817.75
2023-01-01,Hyderabad,D2365,Baleno,880000,6,79165,1,93.36,24327,1,0.95,17600.0,53481.0,30865.0,25310.553421229037,29228.783333333333
2023-06-01,Hyderabad,D8400,Baleno,880000,6,61116,0,94.49,17870,1,0.95,17600.0,24327.0,31892.666666666668,25310.553421229037,17729.908333333333
2023-10-01,Hyderabad,D3502,Baleno,800000,15,183754,2,92.85,93862,1,0.95,16000.0,17870.0,45353.0,25310.553421229037,90549.29166666667
2024-12-01,Hyderabad,D2062,Baleno,880000,9,58927,1,97.14,21815,1,0.95,17600.0,93862.0,44515.666666666664,25310.553421229037,21188.775
2025-02-01,Hyderabad,D8860,Baleno,800000,6,44437,0,97.02,13313,1,0.95,16000.0,21815.0,42996.666666666664,25310.553421229037,13273.65
2025-12-01,Hyderabad,D7801,Baleno,950000,7,81348,1,100.51,41513,1,0.95,19000.0,13313.0,25547.0,25310.553421229037,27678.966666666667
2023-04-01,Mumbai,D8186,Baleno,720000,2,66321,0,93.26,18548,1,0.95,14400.0,8540.0,12711.333333333334,15925.152711983645,14826.908333333333
2023-09-01,Mumbai,D5360,Baleno,880000,3,47772,0,91.64,12141,1,0.95,17600.0,18548.0,13076.333333333334,15925.152711983645,11955.066666666668
2024-04-01,Mumbai,D5980,Baleno,880000,6,67574,0,95.61,21842,1,0.95,17600.0,12141.0,17510.333333333332,15925.152711983645,19548.466666666667
2025-04-01,Mumbai,D6305,Baleno,950000,3,69778,0,97.14,23184,1,0.95,19000.0,21842.0,19055.666666666668,15925.152711983645,23313.633333333335
2025-08-01,Mumbai,D6334,Baleno,880000,9,72612,1,98.47,28252,1,0.95,17600.0,23184.0,24426.0,15925.152711983645,28399.6
2025-09-01,Mumbai,D9924,Baleno,880000,6,58441,0,98.31,19924,1,0.95,17600.0,28252.0,23786.666666666668,15925.152711983645,19371.508333333335
2025-11-01,Mumbai,D9010,Baleno,800000,13,115631,2,98.22,60166,1,0.95,16000.0,19924.0,36114.0,15925.152711983645,55578.575
2026-01-01,Mumbai,D5846,Baleno,800000,8,114732,1,103.99,43020,1,0.95,16000.0,60166.0,41036.666666666664,15925.152711983645,43249.60833333333
2025-06-01,Bangalore,D8576,Brezza,950000,3,50829,0,100.99,13871,1,0.95,19000.0,18216.0,14371.333333333334,14535.204363888386,12483.958333333334
2025-08-01,Bangalore,D1928,Brezza,1150000,9,94139,1,99.57,31380,1,0.95,23000.0,13871.0,21155.666666666668,14535.204363888386,30088.225
2025-09-01,Bangalore,D6029,Brezza,1150000,4,59734,0,98.68,15216,1,0.95,23000.0,31380.0,20155.666666666668,14535.204363888386,14925.558333333332
2025-11-01,Bangalore,D3105,Brezza,1050000,10,143646,2,100.14,49001,1,0.95,21000.0,15216.0,31865.666666666668,14535.204363888386,50210.13333333333
2022-03-01,Chennai,D1953,Brezza,1150000,7,82779,1,90.89,21882,1,0.95,23000.0,8571.0,15480.333333333334,11944.344250143417,22386.508333333335
2022-04-01,Chennai,D3539,Brezza,950000,2,51636,0,91.54,11760,1,0.95,19000.0,21882.0,14071.0,11944.344250143417,12219.5
2022-08-01,Chennai,D2191,Brezza,1050000,5,61563,1,90.78,18705,1,0.95,21000.0,11760.0,17449.0,11944.344250143417,14570.708333333334
2022-10-01,Chennai,D7938,Brezza,950000,17,171055,2,90.48,56772,1,0.95,19000.0,18705.0,29079.0,11944.344250143417,57669.083333333336
2023-01-01,Chennai,D7172,Brezza,950000,7,76987,1,91.37,22700,1,0.95,19000.0,56772.0,32725.666666666668,11944.344250143417,24562.141666666666
2023-05-01,Chennai,D9702,Brezza,1150000,4,63174,0,91.26,13393,1,0.95,23000.0,22700.0,30955.0,11944.344250143417,14681.758333333333
2023-08-01,Chennai,D2324,Brezza,1050000,5,89310,1,93.24,27197,1,0.95,21000.0,13393.0,21096.666666666668,11944.344250143417,27231.425
2023-09-01,Chennai,D4141,Brezza,1050000,4,38906,0,93.41,10127,1,0.95,21000.0,27197.0,16905.666666666668,11944.344250143417,10015.383333333333
2024-05-01,Chennai,D9905,Brezza,950000,5,58211,0,95.34,15852,1,0.95,19000.0,10127.0,17725.333333333332,11944.344250143417,16102.5
2024-06-01,Chennai,D6977,Brezza,1050000,3,57117,0,97.14,15248,1,0.95,21000.0,15852.0,13742.333333333334,11944.344250143417,15223.541666666666
2024-07-01,Chennai,D5268,Brezza,1150000,6,66378,0,96.83,15109,1,0.95,23000.0,15248.0,15403.0,11944.344250143417,15305.233333333334
2025-04-01,Chennai,D2214,Brezza,1150000,2,53171,0,99.39,14597,1,0.95,23000.0,15109.0,14984.666666666666,11944.344250143417,13433.266666666666
2024-04-01,Delhi,D5186,Brezza,1050000,3,37151,0,94.23,10737,1,0.95,21000.0,42122.0,22669.666666666668,14386.694491786498,10669.75
2024-09-01,Delhi,D5849,Brezza,1050000,5,36894,0,96.07,8917,1,0.95,21000.0,10737.0,20592.0,14386.694491786498,9790.375
2024-12-01,Delhi,D9647,Brezza,950000,9,104691,1,95.31,34841,1,0.95,19000.0,8917.0,18165.0,14386.694491786498,27887.641666666666
2025-01-01,Delhi,D4072,Brezza,1050000,10,114157,1,98.74,37659,1,0.95,21000.0,34841.0,27139.0,14386.694491786498,37818.35
2025-02-01,Delhi,D7530,Brezza,1050000,4,42289,0,97.35,11984,1,0.95,21000.0,37659.0,28161.333333333332,14386.694491786498,11661.458333333334
2025-03-01,Delhi,D1504,Brezza,1050000,5,94976,1,97.88,32728,1,0.95,21000.0,11984.0,27457.0,14386.694491786498,31382.233333333334
2025-07-01,Delhi,D1823,Brezza,950000,5,64054,0,100.73,15821,1,0.95,19000.0,32728.0,20177.666666666668,14386.694491786498,16691.041666666668
2025-10-01,Delhi,D1133,Brezza,1150000,13,152588,2,99.54,46063,1,0.95,23000.0,15821.0,31537.333333333332,14386.694491786498,51431.925
2023-11-01,Hyderabad,D4486,Brezza,950000,17,190350,2,94.22,78626,1,0.95,19000.0,9138.0,33142.666666666664,22664.722042195885,76561.21666666666
2023-12-01,Hyderabad,D2810,Brezza,950000,6,95379,1,92.08,29676,1,0.95,19000.0,78626.0,39146.666666666664,22664.722042195885,31449.116666666665
2024-02-01,Hyderabad,D3923,Brezza,1050000,6,36012,0,95.99,10026,1,0.95,21000.0,29676.0,39442.666666666664,22664.722042195885,10222.15
2024-08-01,Hyderabad,D5748,Brezza,1150000,9,92652,1,97.15,25466,1,0.95,23000.0,10026.0,21722.666666666668,22664.722042195885,26799.7
2024-10-01,Hyderabad,D4709,Brezza,1050000,14,93467,2,95.76,36230,1,0.95,21000.0,25466.0,23907.333333333332,22664.722042195885,34041.75833333333
2024-11-01,Hyderabad,D7619,Brezza,1050000,9,111010,2,94.59,50867,1,0.95,21000.0,36230.0,37521.0,22664.722042195885,46445.61666666667
2025-12-01,Hyderabad,D4627,Brezza,1050000,10,53654,1,97.47,21025,1,0.95,21000.0,50867.0,36040.666666666664,22664.722042195885,18751.616666666665
2022-12-01,Mumbai,D2540,Brezza,1150000,11,109889,1,91.18,38779,1,0.95,23000.0,35186.0,27786.333333333332,10784.956922594649,35398.45
2023-03-01,Mumbai,D2365,Brezza,1050000,11,108348,1,92.92,26432,1,0.95,21000.0,38779.0,33465.666666666664,10784.956922594649,30069.35
2023-04-01,Mumbai,D9691,Brezza,1150000,6,54596,0,93.57,14173,1,0.95,23000.0,26432.0,26461.333333333332,10784.956922594649,15252.3
2023-06-01,Mumbai,D8494,Brezza,1150000,6,34431,0,93.32,7652,1,0.95,23000.0,14173.0,16085.666666666666,10784.956922594649,9108.141666666666
2023-07-01,Mumbai,D5312,Brezza,1150000,3,57764,0,93.25,14636,1,0.95,23000.0,7652.0,12153.666666666666,10784.956922594649,13839.45
2024-01-01,Mumbai,D7588,Brezza,950000,7,87650,1,97.3,23970,1,0.95,19000.0,14636.0,15419.333333333334,10784.956922594649,23098.816666666666
2024-03-01,Mumbai,D6301,Brezza,1150000,10,100115,1,94.31,30619,1,0.95,23000.0,23970.0,23075.0,10784.956922594649,28175.225
2026-01-01,Mumbai,D7316,Brezza,1150000,11,68743,1,101.64,26295,1,0.95,23000.0,30619.0,26961.333333333332,10784.956922594649,22217.825
2022-12-01,Bangalore,D4330,Dzire,900000,6,115429,1,90.07,37371,1,0.95,18000.0,81289.0,42884.333333333336,21120.828965212935,42694.683333333334
2023-02-01,Bangalore,D9662,Dzire,900000,4,64068,0,94.76,18636,1,0.95,18000.0,37371.0,45765.333333333336,21120.828965212935,18855.375
2023-04-01,Bangalore,D8114,Dzire,750000,5,58552,0,92.72,16822,1,0.95,15000.0,18636.0,24276.333333333332,21120.828965212935,17937.058333333334
2023-08-01,Bangalore,D8575,Dzire,750000,10,81401,1,94.21,25022,1,0.95,15000.0,16822.0,20160.0,21120.828965212935,26804.925
2024-02-01,Bangalore,D8483,Dzire,900000,6,66451,0,95.99,19170,1,0.95,18000.0,25022.0,20338.0,21120.828965212935,19010.958333333332
2024-09-01,Bangalore,D8312,Dzire,820000,5,33040,0,97.01,9840,1,0.95,16400.0,19170.0,18010.666666666668,21120.828965212935,9756.6
2025-01-01,Bangalore,D3779,Dzire,900000,11,67633,1,97.23,21892,1,0.95,18000.0,9840.0,16967.333333333332,21120.828965212935,20981.333333333332
2025-02-01,Bangalore,D1924,Dzire,820000,4,59344,0,98.13,15497,1,0.95,16400.0,21892.0,15743.0,21120.828965212935,16377.266666666666
2022-10-01,Chennai,D4584,Dzire,750000,11,156666,2,91.33,60433,1,0.95,15000.0,9341.0,29015.666666666668,23055.253506105048,58698.09166666667
2023-12-01,Chennai,D4719,Dzire,900000,6,84084,1,91.32,29318,1,0.95,18000.0,60433.0,33030.666666666664,23055.253506105048,28528.008333333335
2024-04-01,Chennai,D5964,Dzire,820000,5,61910,0,96.92,14911,1,0.95,16400.0,29318.0,34887.333333333336,23055.253506105048,16869.266666666666
2024-06-01,Chennai,D4775,Dzire,750000,4,53384,0,94.64,13846,1,0.95,15000.0,14911.0,19358.333333333332,23055.253506105048,14325.741666666667
2024-11-01,Chennai,D7132,Dzire,900000,8,144174,2,97.83,69585,1,0.95,18000.0,13846.0,32780.666666666664,23055.253506105048,58835.1
2025-03-01,Chennai,D2581,Dzire,900000,7,67014,1,98.05,25340,1,0.95,18000.0,69585.0,36257.0,23055.253506105048,22877.933333333334
2025-09-01,Chennai,D5804,Dzire,900000,5,53711,0,98.8,15958,1,0.95,18000.0,25340.0,36961.0,23055.253506105048,17027.175
2025-10-01,Chennai,D2838,Dzire,750000,8,171658,2,100.11,76806,1,0.95,15000.0,15958.0,39368.0,23055.253506105048,64805.916666666664
2025-11-01,Chennai,D1009,Dzire,820000,10,137993,2,97.26,53439,1,0.95,16400.0,76806.0,48734.333333333336,23055.253506105048,58931.60833333333
2025-12-01,Chennai,D3871,Dzire,820000,9,77213,1,98.95,34261,1,0.95,16400.0,53439.0,54835.333333333336,23055.253506105048,32741.191666666666
2026-01-01,Chennai,D9989,Dzire,750000,5,107784,1,100.13,47155,1,0.95,15000.0,34261.0,44951.666666666664,23055.253506105048,44145.833333333336
2022-07-01,Delhi,D4376,Dzire,900000,6,51675,0,89.34,14809,1,0.95,18000.0,13996.0,13643.0,4627.916669131864,13416.741666666667
2023-01-01,Delhi,D3703,Dzire,900000,8,73669,1,92.19,24126,1,0.95,18000.0,14809.0,17643.666666666668,4627.916669131864,24612.108333333334
2023-05-01,Delhi,D2353,Dzire,820000,2,67384,0,94.49,17559,1,0.95,16400.0,24126.0,18831.333333333332,4627.916669131864,18210.308333333334
2023-09-01,Delhi,D1667,Dzire,900000,3,36295,0,92.83,8612,1,0.95,18000.0,17559.0,16765.666666666668,4627.916669131864,9120.366666666667
2024-03-01,Delhi,D1539,Dzire,820000,8,57227,1,95.75,18572,1,0.95,16400.0,8612.0,14914.333333333334,4627.916669131864,18071.183333333334
2025-07-01,Delhi,D8026,Dzire,900000,3,46014,0,98.09,14931,1,0.95,18000.0,18572.0,14038.333333333334,4627.916669131864,13312.85
2023-06-01,Hyderabad,D6063,Dzire,750000,3,46393,0,94.37,13048,1,0.95,15000.0,16402.0,17978.0,19026.859814961103,13308.208333333334
2024-01-01,Hyderabad,D3745,Dzire,820000,10,105826,1,96.91,28815,1,0.95,16400.0,13048.0,19421.666666666668,19026.859814961103,30120.766666666666
2024-05-01,Hyderabad,D5835,Dzire,900000,4,66041,0,97.06,18727,1,0.95,18000.0,28815.0,20196.666666666668,19026.859814961103,19031.5
2024-07-01,Hyderabad,D7042,Dzire,820000,5,30145,0,96.44,8861,1,0.95,16400.0,18727.0,18801.0,19026.859814961103,9411.225
2024-08-01,Hyderabad,D8102,Dzire,750000,9,115481,1,94.54,31985,1,0.95,15000.0,8861.0,19857.666666666668,19026.859814961103,32227.175
2024-10-01,Hyderabad,D6320,Dzire,900000,14,187958,2,96.63,78092,1,0.95,18000.0,31985.0,39646.0,19026.859814961103,78887.96666666666
2024-12-01,Hyderabad,D8891,Dzire,820000,10,76160,1,94.28,24907,1,0.95,16400.0,78092.0,44994.666666666664,19026.859814961103,27123.9
2025-06-01,Hyderabad,D6713,Dzire,750000,3,32852,0,98.0,10201,1,0.95,15000.0,24907.0,37733.333333333336,19026.859814961103,11556.241666666667
2025-08-01,Hyderabad,D1255,Dzire,750000,9,83755,1,100.04,27962,1,0.95,15000.0,10201.0,21023.333333333332,19026.859814961103,28423.358333333334
2023-07-01,Mumbai,D9549,Dzire,900000,2,40617,0,91.74,11462,1,0.95,18000.0,15389.0,18094.333333333332,32776.61211755666,11425.258333333333
2023-10-01,Mumbai,D5468,Dzire,900000,15,199503,2,92.93,86148,1,0.95,18000.0,11462.0,37666.333333333336,32776.61211755666,75324.675
2023-11-01,Mumbai,D7819,Dzire,750000,9,195760,2,91.53,78280,1,0.95,15000.0,86148.0,58630.0,32776.61211755666,78712.01666666666
2025-04-01,Mumbai,D8714,Dzire,750000,3,44996,0,97.99,14841,1,0.95,15000.0,78280.0,59756.333333333336,32776.61211755666,14148.791666666666
2025-05-01,Mumbai,D4324,Dzire,900000,3,41695,0,100.63,11457,1,0.95,18000.0,14841.0,34859.333333333336,32776.61211755666,12082.733333333334
2023-01-01,Bangalore,D5000,Ertiga,1250000,8,101501,1,91.21,28807,1,0.95,25000.0,23564.0,22937.0,11353.51919793056,28157.925
2023-02-01,Bangalore,D2633,Ertiga,1100000,5,68467,0,92.68,14722,1,0.95,22000.0,28807.0,22364.333333333332,11353.51919793056,20972.975
2023-06-01,Bangalore,D1404,Ertiga,1250000,4,61007,0,92.03,14742,1,0.95,25000.0,14722.0,19423.666666666668,11353.51919793056,14548.866666666667
2023-09-01,Bangalore,D6989,Ertiga,1250000,4,42323,0,93.26,9992,1,0.95,25000.0,14742.0,13152.0,11353.51919793056,10472.683333333332
2024-06-01,Bangalore,D6997,Ertiga,1250000,6,32472,0,97.4,7238,1,0.95,25000.0,9992.0,10657.333333333334,11353.51919793056,7163.65
2024-11-01,Bangalore,D6565,Ertiga,1400000,9,90756,2,96.89,33329,1,0.95,28000.0,7238.0,16853.0,11353.51919793056,29655.0
2025-07-01,Bangalore,D5363,Ertiga,1100000,6,38533,0,100.78,9215,1,0.95,22000.0,33329.0,16594.0,11353.51919793056,9609.458333333334
2026-01-01,Bangalore,D7544,Ertiga,1250000,7,103363,1,102.18,41089,1,0.95,25000.0,9215.0,27877.666666666668,11353.51919793056,30073.833333333332
2023-08-01,Chennai,D3000,Ertiga,1100000,10,89532,1,91.79,20000,1,0.95,22000.0,53728.0,30881.0,21357.69109386853,22360.741666666665
2023-11-01,Chennai,D8190,Ertiga,1400000,12,192356,2,94.89,58372,1,0.95,28000.0,20000.0,44033.333333333336,21357.69109386853,88263.475
2024-03-01,Chennai,D5178,Ertiga,1250000,6,104624,1,94.6,30971,1,0.95,25000.0,58372.0,36447.666666666664,21357.69109386853,31077.566666666666
2024-04-01,Chennai,D8245,Ertiga,1400000,5,40106,0,94.9,10140,1,0.95,28000.0,30971.0,33161.0,21357.69109386853,10225.625
2025-03-01,Chennai,D8239,Ertiga,1400000,8,64484,1,97.33,18673,1,0.95,28000.0,10140.0,19928.0,21357.69109386853,17394.658333333333
2025-10-01,Chennai,D9580,Ertiga,1400000,9,138576,2,98.85,69906,1,0.95,28000.0,18673.0,32906.333333333336,21357.69109386853,59333.025
2025-12-01,Chennai,D5858,Ertiga,1400000,11,59686,1,99.6,22128,1,0.95,28000.0,69906.0,36902.333333333336,21357.69109386853,17185.716666666667
2022-06-01,Delhi,D9415,Ertiga,1250000,3,62117,0,89.39,15282,1,0.95,25000.0,10830.0,11096.0,19485.26976258189,13134.15
2022-07-01,Delhi,D8449,Ertiga,1400000,5,53164,0,91.6,11272,1,0.95,28000.0,15282.0,12461.333333333334,19485.26976258189,11271.283333333333
2022-09-01,Delhi,D4925,Ertiga,1400000,4,62496,0,90.66,15472,1,0.95,28000.0,11272.0,14008.666666666666,19485.26976258189,14715.833333333334
2022-12-01,Delhi,D5784,Ertiga,1250000,10,79371,1,91.75,23471,1,0.95,25000.0,15472.0,16738.333333333332,19485.26976258189,22736.083333333332
2023-03-01,Delhi,D8266,Ertiga,1250000,9,67625,1,92.04,15588,1,0.95,25000.0,23471.0,18177.0,19485.26976258189,15415.025
2023-05-01,Delhi,D1384,Ertiga,1400000,6,40793,0,94.93,10464,1,0.95,28000.0,15588.0,16507.666666666668,19485.26976258189,10343.566666666668
2023-10-01,Delhi,D2460,Ertiga,1250000,16,191335,2,92.86,77094,1,0.95,25000.0,10464.0,34382.0,19485.26976258189,75741.08333333333
2023-12-01,Delhi,D8140,Ertiga,1250000,7,64210,1,93.43,20243,1,0.95,25000.0,77094.0,35933.666666666664,19485.26976258189,19088.4
2024-01-01,Delhi,D4636,Ertiga,1400000,7,66456,1,95.4,20227,1,0.95,28000.0,20243.0,39188.0,19485.26976258189,16075.475
2024-07-01,Delhi,D3048,Ertiga,1100000,4,36704,0,96.24,9589,1,0.95,22000.0,20227.0,16686.333333333332,19485.26976258189,9526.591666666667
2024-09-01,Delhi,D1716,Ertiga,1100000,2,33713,0,94.46,9002,1,0.95,22000.0,9589.0,12939.333333333334,19485.26976258189,8672.858333333334
2024-10-01,Delhi,D8939,Ertiga,1100000,15,150587,2,97.44,61775,1,0.95,22000.0,9002.0,26788.666666666668,19485.26976258189,56013.84166666667
2024-12-01,Delhi,D5544,Ertiga,1100000,11,118011,1,94.27,37328,1,0.95,22000.0,61775.0,36035.0,19485.26976258189,38972.15
2025-05-01,Delhi,D9865,Ertiga,1250000,2,38258,0,98.94,10746,1,0.95,25000.0,37328.0,36616.333333333336,19485.26976258189,10597.191666666668
2025-06-01,Delhi,D1770,Ertiga,1250000,6,65196,0,97.66,15410,1,0.95,25000.0,10746.0,21161.333333333332,19485.26976258189,15676.983333333334
2024-08-01,Hyderabad,D5780,Ertiga,1250000,5,114315,1,96.09,35243,1,0.95,25000.0,14739.0,31506.333333333332,14321.145669952526,35952.3
2025-04-01,Hyderabad,D1249,Ertiga,1250000,2,64503,0,98.83,17660,1,0.95,25000.0,35243.0,22547.333333333332,14321.145669952526,14808.75
2025-09-01,Hyderabad,D9427,Ertiga,1250000,4,49201,0,99.68,11778,1,0.95,25000.0,17660.0,21560.333333333332,14321.145669952526,11779.833333333334
2024-02-01,Mumbai,D5809,Ertiga,1100000,2,61367,0,94.46,15826,1,0.95,22000.0,12954.0,13798.333333333334,23650.83877099137,14802.75
2024-05-01,Mumbai,D7600,Ertiga,1100000,3,67957,0,95.0,15609,1,0.95,22000.0,15826.0,14796.333333333334,23650.83877099137,15677.608333333334
2025-01-01,Mumbai,D5976,Ertiga,1250000,8,86378,1,99.83,26013,1,0.95,25000.0,15609.0,19149.333333333332,23650.83877099137,25560.783333333333
2025-02-01,Mumbai,D4419,Ertiga,1250000,4,34255,0,99.17,8947,1,0.95,25000.0,26013.0,16856.333333333332,23650.83877099137,9806.708333333334
2025-08-01,Mumbai,D2077,Ertiga,1100000,11,55249,1,100.4,13463,1,0.95,22000.0,8947.0,16141.0,23650.83877099137,14407.5
2025-11-01,Mumbai,D8901,Ertiga,1100000,11,198562,2,98.65,80477,1,0.95,22000.0,13463.0,34295.666666666664,23650.83877099137,72653.54166666667
2022-10-01,Bangalore,D7241,Fronx,1000000,14,197181,2,89.32,50159,1,0.95,20000.0,9471.0,23082.0,14964.625238396084,47988.34166666667
2022-12-01,Bangalore,D7941,Fronx,1100000,10,118619,1,90.08,24810,1,0.95,22000.0,50159.0,28146.666666666668,14964.625238396084,30839.516666666666
2023-03-01,Bangalore,D5261,Fronx,1000000,8,89891,1,94.52,19939,1,0.95,20000.0,24810.0,31636.0,14964.625238396084,24012.916666666668
2023-05-01,Bangalore,D6115,Fronx,1100000,2,64447,0,91.96,12927,1,0.95,22000.0,19939.0,19225.333333333332,14964.625238396084,13653.308333333332
2023-07-01,Bangalore,D5854,Fronx,1100000,6,63004,0,94.94,11750,1,0.95,22000.0,12927.0,14872.0,14964.625238396084,12965.066666666668
2023-08-01,Bangalore,D4177,Fronx,1000000,9,105922,1,94.09,21438,1,0.95,20000.0,11750.0,15371.666666666666,14964.625238396084,22307.45
2024-03-01,Bangalore,D4472,Fronx,1000000,9,63395,1,94.42,14840,1,0.95,20000.0,21438.0,16009.333333333334,14964.625238396084,15043.158333333333
2024-09-01,Bangalore,D8941,Fronx,1000000,2,39715,0,94.82,7931,1,0.95,20000.0,14840.0,14736.333333333334,14964.625238396084,8564.641666666666
2025-09-01,Bangalore,D7031,Fronx,1100000,2,67174,0,100.17,18384,1,0.95,22000.0,7931.0,13718.333333333334,14964.625238396084,16909.291666666668
2025-12-01,Bangalore,D2887,Fronx,1100000,6,115450,1,100.62,55355,1,0.95,22000.0,18384.0,27223.333333333332,14964.625238396084,37508.083333333336
2026-01-01,Bangalore,D4266,Fronx,1100000,8,60382,1,101.11,17508,1,0.95,22000.0,55355.0,30415.666666666668,14964.625238396084,18035.925
2023-01-01,Chennai,D8002,Fronx,900000,8,79328,1,91.82,15190,1,0.95,18000.0,12654.0,11343.666666666666,11539.00997374742,14906.091666666667
2023-02-01,Chennai,D2331,Fronx,1000000,5,50103,0,94.51,9414,1,0.95,20000.0,15190.0,12419.333333333334,11539.00997374742,9917.125
2023-04-01,Chennai,D8648,Fronx,900000,2,40754,0,94.48,7971,1,0.95,18000.0,9414.0,10858.333333333334,11539.00997374742,7979.85
2023-09-01,Chennai,D8730,Fronx,1100000,3,59301,0,91.11,12089,1,0.95,22000.0,7971.0,9824.666666666666,11539.00997374742,10899.116666666667
2023-10-01,Chennai,D3180,Fronx,1000000,15,171652,2,91.26,46233,1,0.95,20000.0,12089.0,22097.666666666668,11539.00997374742,46100.95
2024-04-01,Chennai,D6449,Fronx,900000,3,50421,0,96.63,10475,1,0.95,18000.0,46233.0,22932.333333333332,11539.00997374742,12217.116666666667
2024-10-01,Chennai,D6569,Fronx,1000000,13,99169,2,96.09,32087,1,0.95,20000.0,10475.0,29598.333333333332,11539.00997374742,34108.50833333333
2025-01-01,Chennai,D4818,Fronx,1100000,10,55782,1,99.31,15158,1,0.95,22000.0,32087.0,19240.0,11539.00997374742,15262.708333333334
2025-02-01,Chennai,D2906,Fronx,900000,4,52641,0,99.54,11533,1,0.95,18000.0,15158.0,19592.666666666668,11539.00997374742,12252.35
2025-06-01,Chennai,D8350,Fronx,1000000,2,68067,0,99.13,12944,1,0.95,20000.0,11533.0,13211.666666666666,11539.00997374742,14735.183333333332
2022-08-01,Delhi,D7881,Fronx,900000,10,50207,1,89.03,10098,1,0.95,18000.0,9287.0,10112.333333333334,19841.302139147097,9972.816666666668
2023-11-01,Delhi,D5892,Fronx,900000,15,142711,2,92.86,40754,1,0.95,18000.0,10098.0,20046.333333333332,19841.302139147097,40419.21666666667
2023-12-01,Delhi,D8043,Fronx,900000,7,91323,1,94.64,19838,1,0.95,18000.0,40754.0,23563.333333333332,19841.302139147097,21796.341666666667
2024-02-01,Delhi,D7327,Fronx,1100000,2,62376,0,95.99,13980,1,0.95,22000.0,19838.0,24857.333333333332,19841.302139147097,15208.416666666666
2024-05-01,Delhi,D3832,Fronx,900000,3,56342,0,97.29,10752,1,0.95,18000.0,13980.0,14856.666666666666,19841.302139147097,16401.825
2024-06-01,Delhi,D4579,Fronx,1000000,4,34895,0,95.52,6156,1,0.95,20000.0,10752.0,10296.0,19841.302139147097,6672.491666666667
2024-12-01,Delhi,D7269,Fronx,1000000,7,66163,1,97.17,17196,1,0.95,20000.0,6156.0,11368.0,19841.302139147097,15004.375
2025-03-01,Delhi,D7254,Fronx,1100000,5,85585,1,100.19,20787,1,0.95,22000.0,17196.0,14713.0,19841.302139147097,21035.3
2025-05-01,Delhi,D8830,Fronx,1100000,5,48880,0,100.66,9725,1,0.95,22000.0,20787.0,15902.666666666666,19841.302139147097,10642.966666666667
2025-10-01,Delhi,D8687,Fronx,1100000,17,170373,2,98.27,75902,1,0.95,22000.0,9725.0,35471.333333333336,19841.302139147097,73169.09166666666
2025-11-01,Delhi,D9472,Fronx,900000,15,163362,2,100.43,42498,1,0.95,18000.0,75902.0,42708.333333333336,19841.302139147097,56490.558333333334
2025-07-01,Hyderabad,D7238,Fronx,900000,5,48073,0,97.63,9377,1,0.95,18000.0,48807.0,25594.0,16958.444081538455,10825.583333333334
2025-08-01,Hyderabad,D7090,Fronx,900000,8,86035,1,99.78,21596,1,0.95,18000.0,9377.0,26593.333333333332,16958.444081538455,26381.141666666666
2024-01-01,Mumbai,D1137,Fronx,900000,9,68752,1,96.15,12943,1,0.95,18000.0,9764.0,9745.333333333334,19121.28769572952,12135.041666666666
2024-07-01,Mumbai,D6971,Fronx,900000,6,41023,0,97.1,7153,1,0.95,18000.0,12943.0,9953.333333333334,19121.28769572952,7453.716666666666
2024-08-01,Mumbai,D5164,Fronx,1000000,5,60699,1,97.86,12566,1,0.95,20000.0,7153.0,10887.333333333334,19121.28769572952,11430.441666666668
2024-11-01,Mumbai,D5300,Fronx,1000000,16,198413,2,95.15,60398,1,0.95,20000.0,12566.0,26705.666666666668,19121.28769572952,58144.791666666664
2025-04-01,Mumbai,D1760,Fronx,900000,2,60682,0,98.58,12903,1,0.95,18000.0,60398.0,28622.333333333332,19121.28769572952,20146.766666666666
2022-09-01,Bangalore,D5777,Grand Vitara,1300000,5,55169,0,90.46,8429,1,0.95,26000.0,10607.0,10077.666666666666,9153.48494234538,8925.866666666667
2022-11-01,Bangalore,D7677,Grand Vitara,1700000,13,114594,2,91.53,27991,1,0.95,34000.0,8429.0,15675.666666666666,9153.48494234538,26891.783333333333
2023-05-01,Bangalore,D8240,Grand Vitara,1700000,3,61750,0,93.67,10768,1,0.95,34000.0,27991.0,15729.333333333334,9153.48494234538,11466.2
2024-02-01,Bangalore,D2276,Grand Vitara,1300000,4,58937,0,96.88,10688,1,0.95,26000.0,10768.0,16482.333333333332,9153.48494234538,11871.816666666668
2024-06-01,Bangalore,D1055,Grand Vitara,1300000,2,38286,0,94.75,6468,1,0.95,26000.0,10688.0,9308.0,9153.48494234538,6577.275
2024-07-01,Bangalore,D9717,Grand Vitara,1700000,3,35901,0,97.43,7127,1,0.95,34000.0,6468.0,8094.333333333333,9153.48494234538,6523.758333333333
2024-09-01,Bangalore,D3125,Grand Vitara,1300000,3,55709,0,96.16,8828,1,0.95,26000.0,7127.0,7474.333333333333,9153.48494234538,7965.616666666667
2024-10-01,Bangalore,D1364,Grand Vitara,1700000,11,111055,2,96.84,26200,1,0.95,34000.0,8828.0,14051.666666666666,9153.48494234538,24194.5
2024-11-01,Bangalore,D7809,Grand Vitara,1700000,14,117685,2,95.26,27746,1,0.95,34000.0,26200.0,20924.666666666668,9153.48494234538,29896.358333333334
2025-08-01,Bangalore,D2531,Grand Vitara,1300000,8,67347,1,99.85,12892,1,0.95,26000.0,27746.0,22279.333333333332,9153.48494234538,13869.108333333334
2025-10-01,Bangalore,D4345,Grand Vitara,1700000,9,111822,2,97.4,31124,1,0.95,34000.0,12892.0,23920.666666666668,9153.48494234538,32392.416666666668
2022-07-01,Chennai,D6124,Grand Vitara,1500000,2,63328,0,88.61,9083,1,0.95,30000.0,7665.0,7569.666666666667,8466.256358466399,8996.116666666667
2022-08-01,Chennai,D6585,Grand Vitara,1300000,9,62329,1,89.76,11295,1,0.95,26000.0,9083.0,9347.666666666666,8466.256358466399,10629.941666666668
2023-08-01,Chennai,D6240,Grand Vitara,1500000,11,74226,1,94.53,14915,1,0.95,30000.0,11295.0,11764.333333333334,8466.256358466399,15451.3
2023-10-01,Chennai,D3878,Grand Vitara,1500000,8,136154,2,91.65,36774,1,0.95,30000.0,14915.0,20994.666666666668,8466.256358466399,36680.308333333334
2024-01-01,Chennai,D5432,Grand Vitara,1300000,9,105249,1,96.11,19513,1,0.95,26000.0,36774.0,23734.0,8466.256358466399,22506.383333333335
2024-05-01,Chennai,D1638,Grand Vitara,1300000,2,59984,0,96.93,11883,1,0.95,26000.0,19513.0,22723.333333333332,8466.256358466399,12493.375
2025-03-01,Chennai,D2646,Grand Vitara,1700000,10,101112,1,98.43,18838,1,0.95,34000.0,11883.0,16744.666666666668,8466.256358466399,21261.533333333333
2025-06-01,Chennai,D7506,Grand Vitara,1500000,4,65732,0,98.34,10240,1,0.95,30000.0,18838.0,13653.666666666666,8466.256358466399,11401.591666666667
2025-09-01,Chennai,D9172,Grand Vitara,1700000,3,46920,0,100.3,7575,1,0.95,34000.0,10240.0,12217.666666666666,8466.256358466399,7988.208333333333
2026-01-01,Chennai,D7882,Grand Vitara,1300000,11,57967,1,101.39,9422,1,0.95,26000.0,7575.0,9079.0,8466.256358466399,9108.316666666668
2022-10-01,Delhi,D4900,Grand Vitara,1500000,17,167468,2,88.33,43936,1,0.95,30000.0,9660.0,24601.666666666668,12463.729392079016,46055.45
2022-12-01,Delhi,D7981,Grand Vitara,1700000,11,110631,1,91.21,20331,1,0.95,34000.0,43936.0,24642.333333333332,12463.729392079016,25060.125
2023-07-01,Delhi,D7190,Grand Vitara,1700000,3,38264,0,91.66,5549,1,0.95,34000.0,20331.0,23272.0,12463.729392079016,7467.35
2023-09-01,Delhi,D7493,Grand Vitara,1300000,5,36721,0,92.71,5212,1,0.95,26000.0,5549.0,10364.0,12463.729392079016,5891.525
2023-11-01,Delhi,D5143,Grand Vitara,1500000,15,100609,2,91.05,28644,1,0.95,30000.0,5212.0,13135.0,12463.729392079016,25051.45
2024-03-01,Delhi,D6811,Grand Vitara,1300000,7,55656,1,97.56,11136,1,0.95,26000.0,28644.0,14997.333333333334,12463.729392079016,11836.658333333333
2024-04-01,Delhi,D1302,Grand Vitara,1300000,2,38984,0,94.32,6913,1,0.95,26000.0,11136.0,15564.333333333334,12463.729392079016,7526.766666666666
2025-02-01,Delhi,D6122,Grand Vitara,1300000,5,65298,0,98.84,12484,1,0.95,26000.0,6913.0,10177.666666666666,12463.729392079016,9828.966666666667
2025-04-01,Delhi,D1918,Grand Vitara,1500000,3,53429,0,98.98,9212,1,0.95,30000.0,12484.0,9536.333333333334,12463.729392079016,8115.191666666667
2025-11-01,Delhi,D8673,Grand Vitara,1300000,13,126659,2,97.96,38095,1,0.95,26000.0,9212.0,19930.333333333332,12463.729392079016,36371.433333333334
2025-12-01,Delhi,D7949,Grand Vitara,1300000,8,90108,1,97.57,17500,1,0.95,26000.0,38095.0,21602.333333333332,12463.729392079016,19595.683333333334
2023-12-01,Hyderabad,D4644,Grand Vitara,1300000,7,102130,1,93.24,23263,1,0.95,26000.0,8921.0,16753.666666666668,5702.040073517547,23400.266666666666
2024-08-01,Hyderabad,D9150,Grand Vitara,1500000,8,81552,1,97.28,17890,1,0.95,30000.0,23263.0,16691.333333333332,5702.040073517547,19928.566666666666
2025-01-01,Hyderabad,D6126,Grand Vitara,1500000,8,61138,1,100.29,11441,1,0.95,30000.0,17890.0,17531.333333333332,5702.040073517547,12085.583333333334
2025-05-01,Hyderabad,D3797,Grand Vitara,1500000,3,35772,0,100.31,7197,1,0.95,30000.0,11441.0,12176.0,5702.040073517547,7425.95
2025-07-01,Hyderabad,D6870,Grand Vitara,1700000,2,69905,0,97.7,13990,1,0.95,34000.0,7197.0,10876.0,5702.040073517547,12942.441666666668
2023-04-01,Mumbai,D3593,Grand Vitara,1500000,3,58495,0,94.94,10779,1,0.95,30000.0,19157.0,12145.666666666666,5285.362050039713,10480.975
2024-12-01,Mumbai,D5621,Grand Vitara,1700000,7,64716,1,95.88,13251,1,0.95,34000.0,10779.0,14395.666666666666,5285.362050039713,13223.383333333333
2023-06-01,Bangalore,D1232,Ignis,700000,4,60158,0,94.35,3276,1,0.95,14000.0,13905.0,6938.0,4575.658352318588,4121.466666666666
2023-11-01,Bangalore,D7738,Ignis,620000,17,150984,2,92.22,12859,1,0.95,12400.0,3276.0,10013.333333333334,4575.658352318588,16155.625
2024-02-01,Bangalore,D6401,Ignis,700000,6,39074,0,95.22,2507,1,0.95,14000.0,12859.0,6214.0,4575.658352318588,2915.675
2024-09-01,Bangalore,D6622,Ignis,700000,3,53312,0,95.04,3969,1,0.95,14000.0,2507.0,6445.0,4575.658352318588,3533.8083333333334
2025-01-01,Bangalore,D4735,Ignis,700000,8,91779,1,97.44,6402,1,0.95,14000.0,3969.0,4292.666666666667,4575.658352318588,6986.725
2026-01-01,Bangalore,D1117,Ignis,620000,6,77605,1,101.12,3191,1,0.95,12400.0,6402.0,4520.666666666667,4575.658352318588,5098.708333333333
2022-12-01,Chennai,D5632,Ignis,550000,9,89922,1,89.3,7200,1,0.95,11000.0,3372.0,4924.333333333333,3159.5501233787786,7367.491666666667
2023-02-01,Chennai,D4596,Ignis,620000,4,61497,0,91.28,4340,1,0.95,12400.0,7200.0,4970.666666666667,3159.5501233787786,5085.875
2025-05-01,Chennai,D5324,Ignis,700000,5,45422,0,99.19,2663,1,0.95,14000.0,4340.0,4734.333333333333,3159.5501233787786,3244.4333333333334
2025-08-01,Chennai,D8489,Ignis,620000,7,101196,1,97.44,9262,1,0.95,12400.0,2663.0,5421.666666666667,3159.5501233787786,8626.566666666668
2025-10-01,Chennai,D9195,Ignis,620000,11,176774,2,97.17,11681,1,0.95,12400.0,9262.0,7868.666666666667,3159.5501233787786,24038.508333333335
2025-12-01,Chennai,D9837,Ignis,700000,9,76715,1,100.67,7440,1,0.95,14000.0,11681.0,9461.0,3159.5501233787786,10214.341666666667
2023-01-01,Delhi,D7288,Ignis,620000,11,92913,1,93.75,6848,1,0.95,12400.0,3515.0,4381.666666666667,5031.361740486998,6864.958333333333
2023-05-01,Delhi,D9258,Ignis,550000,3,56526,0,91.91,3398,1,0.95,11000.0,6848.0,4587.0,5031.361740486998,3877.7166666666667
2023-08-01,Delhi,D5206,Ignis,620000,5,87846,1,93.57,6349,1,0.95,12400.0,3398.0,5531.666666666667,5031.361740486998,6940.575
2024-06-01,Delhi,D2460,Ignis,550000,2,62003,0,97.06,4248,1,0.95,11000.0,6349.0,4665.0,5031.361740486998,4075.4166666666665
2024-07-01,Delhi,D2733,Ignis,620000,6,64406,0,97.15,4481,1,0.95,12400.0,4248.0,5026.0,5031.361740486998,4240.8
2024-08-01,Delhi,D2605,Ignis,620000,11,104823,1,96.66,8013,1,0.95,12400.0,4481.0,5580.666666666667,5031.361740486998,8290.15
2025-03-01,Delhi,D3590,Ignis,700000,8,62411,1,98.84,4075,1,0.95,14000.0,8013.0,5523.0,5031.361740486998,4219.775
2025-07-01,Delhi,D1005,Ignis,550000,2,35693,0,100.91,2467,1,0.95,11000.0,4075.0,4851.666666666667,5031.361740486998,3430.7833333333333
2025-11-01,Delhi,D6966,Ignis,700000,17,176410,2,99.96,20262,1,0.95,14000.0,2467.0,8934.666666666666,5031.361740486998,20094.616666666665
2022-07-01,Hyderabad,D2976,Ignis,700000,4,48268,0,89.89,3037,1,0.95,14000.0,4803.0,3629.0,4872.927365671595,5342.808333333333
2022-08-01,Hyderabad,D2296,Ignis,700000,11,110545,1,91.92,6647,1,0.95,14000.0,3037.0,4829.0,4872.927365671595,7944.683333333333
2022-10-01,Hyderabad,D8641,Ignis,550000,15,172822,2,88.51,17917,1,0.95,11000.0,6647.0,9200.333333333334,4872.927365671595,19462.591666666667
2023-03-01,Hyderabad,D7168,Ignis,550000,8,105677,1,91.7,8846,1,0.95,11000.0,17917.0,11136.666666666666,4872.927365671595,10717.191666666668
2023-04-01,Hyderabad,D8561,Ignis,620000,3,66618,0,94.42,4474,1,0.95,12400.0,8846.0,10412.333333333334,4872.927365671595,6777.2
2024-10-01,Hyderabad,D7767,Ignis,620000,15,123108,2,97.63,12172,1,0.95,12400.0,4474.0,8497.333333333334,4872.927365671595,12799.866666666667
2025-04-01,Hyderabad,D2063,Ignis,620000,5,67285,0,100.46,5217,1,0.95,12400.0,12172.0,7287.666666666667,4872.927365671595,6405.925
2025-09-01,Hyderabad,D9659,Ignis,700000,2,44818,0,98.69,2680,1,0.95,14000.0,5217.0,6689.666666666667,4872.927365671595,3061.175
2023-10-01,Mumbai,D7891,Ignis,550000,10,141588,2,93.05,15449,1,0.95,11000.0,3636.0,7590.333333333333,4410.0418562914365,15401.641666666666
2023-12-01,Mumbai,D3472,Ignis,700000,7,100331,1,91.85,8835,1,0.95,14000.0,15449.0,9306.666666666666,4410.0418562914365,9482.325
2024-01-01,Mumbai,D3739,Ignis,620000,7,78141,1,94.13,4747,1,0.95,12400.0,8835.0,9677.0,4410.0418562914365,10428.108333333334
2024-03-01,Mumbai,D2761,Ignis,550000,9,56406,1,96.61,3602,1,0.95,11000.0,4747.0,5728.0,4410.0418562914365,3708.4
2024-04-01,Mumbai,D1876,Ignis,700000,2,61823,0,97.75,3591,1,0.95,14000.0,3602.0,3980.0,4410.0418562914365,3766.1916666666666
2024-05-01,Mumbai,D4812,Ignis,620000,5,53291,0,97.48,3066,1,0.95,12400.0,3591.0,3419.6666666666665,4410.0418562914365,3586.6666666666665
2024-11-01,Mumbai,D7986,Ignis,700000,11,146918,2,96.68,14252,1,0.95,14000.0,3066.0,6969.666666666667,4410.0418562914365,15414.916666666666
2024-12-01,Mumbai,D4517,Ignis,550000,9,84171,1,96.24,8019,1,0.95,11000.0,14252.0,8445.666666666666,4410.0418562914365,8718.933333333332
2025-02-01,Mumbai,D9434,Ignis,550000,5,33292,0,98.79,2576,1,0.95,11000.0,8019.0,8282.333333333334,4410.0418562914365,7631.375
2025-06-01,Mumbai,D6342,Ignis,700000,3,62371,0,98.52,4764,1,0.95,14000.0,2576.0,5119.666666666667,4410.0418562914365,4105.975
2024-01-01,Bangalore,D6287,Swift,880000,9,79300,1,94.19,31535,1,0.95,17600.0,31234.0,24675.333333333332,9136.759562339374,30969.333333333332
2024-07-01,Bangalore,D2994,Swift,650000,5,58411,0,94.74,20904,1,0.95,13000.0,31535.0,27891.0,9136.759562339374,19932.191666666666
2024-09-01,Bangalore,D8984,Swift,650000,2,51223,0,94.96,15583,1,0.95,13000.0,20904.0,22674.0,9136.759562339374,14878.166666666666
2023-02-01,Chennai,D2917,Swift,650000,6,54817,0,93.81,16525,1,0.95,13000.0,34157.0,26650.666666666668,20995.407551775497,17957.758333333335
2023-06-01,Chennai,D4744,Swift,800000,3,30671,0,91.05,10288,1,0.95,16000.0,16525.0,20323.333333333332,20995.407551775497,10355.716666666667
2023-07-01,Chennai,D1009,Swift,800000,5,30163,0,92.88,9778,1,0.95,16000.0,10288.0,12197.0,20995.407551775497,9166.991666666667
2023-08-01,Chennai,D1260,Swift,880000,10,91424,1,92.21,31121,1,0.95,17600.0,9778.0,17062.333333333332,20995.407551775497,29998.941666666666
2023-10-01,Chennai,D3219,Swift,800000,9,90634,2,92.19,43221,1,0.95,16000.0,31121.0,28040.0,20995.407551775497,38774.75
2023-12-01,Chennai,D3060,Swift,650000,9,72420,1,93.97,31794,1,0.95,13000.0,43221.0,35378.666666666664,20995.407551775497,30967.225
2024-02-01,Chennai,D2619,Swift,650000,6,54345,0,97.61,20391,1,0.95,13000.0,31794.0,31802.0,20995.407551775497,20144.591666666667
2024-05-01,Chennai,D3832,Swift,650000,6,55121,0,96.37,19580,1,0.95,13000.0,20391.0,23921.666666666668,20995.407551775497,19105.458333333332
2024-10-01,Chennai,D2604,Swift,720000,16,152930,2,97.18,88149,1,0.95,14400.0,19580.0,42706.666666666664,20995.407551775497,81090.55
2025-05-01,Chennai,D9162,Swift,720000,2,62784,0,100.33,20361,1,0.95,14400.0,88149.0,42696.666666666664,20995.407551775497,20503.241666666665
2023-04-01,Delhi,D7988,Swift,880000,2,46052,0,91.39,13919,1,0.95,17600.0,94524.0,41262.0,26820.58972932123,13113.891666666666
2024-08-01,Delhi,D4490,Swift,880000,6,83361,1,94.32,30156,1,0.95,17600.0,13919.0,46199.666666666664,26820.58972932123,30869.35
2025-04-01,Delhi,D3635,Swift,720000,6,60911,0,97.25,21615,1,0.95,14400.0,30156.0,21896.666666666668,26820.58972932123,21008.108333333334
2025-07-01,Delhi,D6415,Swift,800000,5,63160,0,97.46,19695,1,0.95,16000.0,21615.0,23822.0,26820.58972932123,19736.8
2025-10-01,Delhi,D6468,Swift,650000,17,86172,2,99.68,49322,1,0.95,13000.0,19695.0,30210.666666666668,26820.58972932123,47039.85833333333
2025-12-01,Delhi,D7413,Swift,880000,10,70281,1,100.52,30214,1,0.95,17600.0,49322.0,33077.0,26820.58972932123,28956.941666666666
2023-05-01,Hyderabad,D3026,Swift,720000,4,65153,0,91.97,20358,1,0.95,14400.0,36757.0,25218.0,10165.152796578011,20169.933333333334
2023-09-01,Hyderabad,D7038,Swift,800000,3,34795,0,93.39,11974,1,0.95,16000.0,20358.0,23029.666666666668,10165.152796578011,11331.341666666667
2023-11-01,Hyderabad,D8041,Swift,880000,14,84798,2,92.2,41930,1,0.95,17600.0,11974.0,24754.0,10165.152796578011,38790.191666666666
2024-03-01,Hyderabad,D9512,Swift,720000,5,60749,1,97.41,22702,1,0.95,14400.0,41930.0,25535.333333333332,10165.152796578011,21432.683333333334
2025-01-01,Hyderabad,D9567,Swift,720000,6,76035,1,100.98,29506,1,0.95,14400.0,22702.0,31379.333333333332,10165.152796578011,29886.25
2025-03-01,Hyderabad,D6256,Swift,800000,9,69877,1,99.09,30117,1,0.95,16000.0,29506.0,27441.666666666668,10165.152796578011,29933.816666666666
2025-06-01,Hyderabad,D3560,Swift,720000,5,33191,0,99.4,12013,1,0.95,14400.0,30117.0,23878.666666666668,10165.152796578011,11582.608333333334
2026-01-01,Hyderabad,D7941,Swift,880000,10,78671,1,102.29,32468,1,0.95,17600.0,12013.0,24866.0,10165.152796578011,31746.266666666666
2022-06-01,Mumbai,D7469,Swift,800000,3,36548,0,88.07,10393,1,0.95,16000.0,46086.0,23620.666666666668,18158.746494836483,10618.65
2022-08-01,Mumbai,D1224,Swift,800000,7,73177,1,90.91,30094,1,0.95,16000.0,10393.0,28857.666666666668,18158.746494836483,29391.9
2022-09-01,Mumbai,D5208,Swift,880000,3,54022,0,89.22,17650,1,0.95,17600.0,30094.0,19379.0,18158.746494836483,17545.233333333334
2022-12-01,Mumbai,D7233,Swift,720000,9,110428,1,91.49,55255,1,0.95,14400.0,17650.0,34333.0,18158.746494836483,50904.84166666667
2024-04-01,Mumbai,D2342,Swift,650000,5,68595,0,96.67,23884,1,0.95,13000.0,55255.0,32263.0,18158.746494836483,23776.975
2024-06-01,Mumbai,D3824,Swift,720000,2,67487,0,97.57,20399,1,0.95,14400.0,23884.0,33179.333333333336,18158.746494836483,20755.891666666666
2024-11-01,Mumbai,D1235,Swift,880000,16,94056,2,94.14,57034,1,0.95,17600.0,20399.0,33772.333333333336,18158.746494836483,48753.64166666667
2024-12-01,Mumbai,D2908,Swift,720000,8,78380,1,96.33,39107,1,0.95,14400.0,57034.0,38846.666666666664,18158.746494836483,35325.175
2025-02-01,Mumbai,D4530,Swift,800000,4,60620,0,100.42,19380,1,0.95,16000.0,39107.0,38507.0,18158.746494836483,19518.175
2025-08-01,Mumbai,D4391,Swift,800000,9,114641,1,97.38,51001,1,0.95,16000.0,19380.0,36496.0,18158.746494836483,50255.15
2025-09-01,Mumbai,D6951,Swift,650000,4,33631,0,100.64,11342,1,0.95,13000.0,51001.0,27241.0,18158.746494836483,11600.95
2025-11-01,Mumbai,D9007,Swift,720000,10,122080,2,100.32,59196,1,0.95,14400.0,11342.0,40513.0,18158.746494836483,50811.53333333333
2024-09-01,Bangalore,D6408,WagonR,600000,6,58138,0,95.93,16052,1,0.95,12000.0,20352.0,16074.333333333334,12084.023365584824,16909.95
2025-06-01,Bangalore,D3243,WagonR,600000,4,65144,0,97.15,23556,1,0.95,12000.0,16052.0,19986.666666666668,12084.023365584824,21858.158333333333
2025-10-01,Bangalore,D7028,WagonR,680000,10,86979,2,99.29,43087,1,0.95,13600.0,23556.0,27565.0,12084.023365584824,40441.14166666667
2023-04-01,Chennai,D3190,WagonR,600000,4,34940,0,92.54,9768,1,0.95,12000.0,24187.0,14758.333333333334,19116.37651334583,9873.016666666666
2023-06-01,Chennai,D3192,WagonR,750000,6,66224,0,93.61,22377,1,0.95,15000.0,9768.0,18777.333333333332,19116.37651334583,20931.141666666666
2023-10-01,Chennai,D4687,WagonR,600000,8,181015,2,93.03,76285,1,0.95,12000.0,22377.0,36143.333333333336,19116.37651334583,77374.975
2024-04-01,Chennai,D9135,WagonR,680000,6,39866,0,94.18,11407,1,0.95,13600.0,76285.0,36689.666666666664,19116.37651334583,12354.075
2024-06-01,Chennai,D8667,WagonR,600000,3,68098,0,95.11,21782,1,0.95,12000.0,11407.0,36491.333333333336,19116.37651334583,21777.1
2025-02-01,Chennai,D2120,WagonR,600000,4,58270,0,99.07,18893,1,0.95,12000.0,21782.0,17360.666666666668,19116.37651334583,18070.075
2025-05-01,Chennai,D6373,WagonR,680000,6,47630,0,97.88,16227,1,0.95,13600.0,18893.0,18967.333333333332,19116.37651334583,15059.816666666668
2025-07-01,Chennai,D3645,WagonR,600000,6,61182,0,97.43,19879,1,0.95,12000.0,16227.0,18333.0,19116.37651334583,19632.008333333335
2025-08-01,Chennai,D5612,WagonR,600000,5,100979,1,98.36,43973,1,0.95,12000.0,19879.0,26693.0,19116.37651334583,39863.15833333333
2025-11-01,Chennai,D8326,WagonR,750000,17,106189,2,99.05,41156,1,0.95,15000.0,43973.0,35002.666666666664,19116.37651334583,44735.441666666666
2023-03-01,Delhi,D5670,WagonR,680000,5,91991,1,91.42,31306,1,0.95,13600.0,46326.0,31195.333333333332,21467.051569123985,33586.775
2023-11-01,Delhi,D5018,WagonR,750000,15,156816,2,93.54,82915,1,0.95,15000.0,31306.0,53515.666666666664,21467.051569123985,83130.025
2024-11-01,Delhi,D1922,WagonR,750000,17,109956,2,96.44,52820,1,0.95,15000.0,82915.0,55680.333333333336,21467.051569123985,46436.46666666667
2025-04-01,Delhi,D3336,WagonR,750000,6,53888,0,97.03,17288,1,0.95,15000.0,52820.0,51007.666666666664,21467.051569123985,18143.05
2025-12-01,Delhi,D7371,WagonR,750000,8,92600,1,98.17,40821,1,0.95,15000.0,17288.0,36976.333333333336,21467.051569123985,40820.525
2026-01-01,Delhi,D7359,WagonR,680000,9,109560,1,103.73,36608,1,0.95,13600.0,40821.0,31572.333333333332,21467.051569123985,38691.90833333333
2022-04-01,Hyderabad,D1077,WagonR,680000,5,53253,0,89.74,13884,1,0.95,13600.0,23741.0,23645.0,12755.800798068303,14518.85
2022-05-01,Hyderabad,D8577,WagonR,600000,2,53472,0,91.1,13703,1,0.95,12000.0,13884.0,17109.333333333332,12755.800798068303,14371.391666666666
2022-10-01,Hyderabad,D7943,WagonR,600000,8,127684,2,90.53,53724,1,0.95,12000.0,13703.0,27103.666666666668,12755.800798068303,48989.46666666667
2022-12-01,Hyderabad,D7565,WagonR,750000,10,113936,1,90.81,49262,1,0.95,15000.0,53724.0,38896.333333333336,12755.800798068303,47105.28333333333
2023-02-01,Hyderabad,D6142,WagonR,680000,5,56724,0,93.05,15366,1,0.95,13600.0,49262.0,39450.666666666664,12755.800798068303,16849.833333333332
2023-05-01,Hyderabad,D3712,WagonR,750000,6,58758,0,92.95,20518,1,0.95,15000.0,15366.0,28382.0,12755.800798068303,19615.075
2023-09-01,Hyderabad,D2997,WagonR,680000,2,54034,0,93.97,18458,1,0.95,13600.0,20518.0,18114.0,12755.800798068303,17589.066666666666
2023-12-01,Hyderabad,D2970,WagonR,600000,8,66531,1,91.28,28051,1,0.95,12000.0,18458.0,22342.333333333332,12755.800798068303,20641.783333333333
2024-03-01,Hyderabad,D2202,WagonR,680000,7,98355,1,95.89,33888,1,0.95,13600.0,28051.0,26799.0,12755.800798068303,35015.291666666664
2024-12-01,Hyderabad,D1419,WagonR,600000,9,55439,1,95.12,23312,1,0.95,12000.0,33888.0,28417.0,12755.800798068303,21913.15
2025-01-01,Hyderabad,D3204,WagonR,750000,5,97241,1,97.83,33143,1,0.95,15000.0,23312.0,30114.333333333332,12755.800798068303,35066.88333333333
2023-08-01,Mumbai,D5033,WagonR,600000,9,78082,1,93.4,29391,1,0.95,12000.0,12193.0,22365.666666666668,23003.61043520224,29345.816666666666
2024-01-01,Mumbai,D9389,WagonR,680000,8,94857,1,95.02,37480,1,0.95,13600.0,29391.0,26354.666666666668,23003.61043520224,36716.26666666667
2024-02-01,Mumbai,D6765,WagonR,680000,5,40142,0,95.45,14598,1,0.95,13600.0,37480.0,27156.333333333332,23003.61043520224,13690.183333333332
2024-05-01,Mumbai,D6567,WagonR,680000,5,34531,0,94.56,10307,1,0.95,13600.0,14598.0,20795.0,23003.61043520224,10708.05
2024-07-01,Mumbai,D6742,WagonR,600000,3,68278,0,97.89,24459,1,0.95,12000.0,10307.0,16454.666666666668,23003.61043520224,21900.666666666668
2024-08-01,Mumbai,D6788,WagonR,600000,5,114027,1,95.33,48481,1,0.95,12000.0,24459.0,27749.0,23003.61043520224,42482.525
2024-10-01,Mumbai,D9669,WagonR,680000,11,172601,2,94.78,92122,1,0.95,13600.0,48481.0,55020.666666666664,23003.61043520224,86299.30833333333
2025-03-01,Mumbai,D1950,WagonR,600000,10,89279,1,97.02,38844,1,0.95,12000.0,92122.0,59815.666666666664,23003.61043520224,38424.89166666667
2025-09-01,Mumbai,D2865,WagonR,750000,2,62125,0,100.21,24259,1,0.95,15000.0,38844.0,51741.666666666664,23003.61043520224,22362.125
2022-06-01,Bangalore,D4756,XL6,1700000,3,55227,0,90.03,4781,1,0.95,34000.0,4632.0,4594.0,6929.815857742702,5571.225
2022-10-01,Bangalore,D7898,XL6,1550000,9,188212,2,91.97,25234,1,0.95,31000.0,4781.0,11549.0,6929.815857742702,24805.616666666665
2023-05-01,Bangalore,D9554,XL6,1550000,5,53953,0,93.86,3931,1,0.95,31000.0,25234.0,11315.333333333334,6929.815857742702,5756.758333333333
2023-07-01,Bangalore,D8783,XL6,1550000,3,52168,0,92.24,4348,1,0.95,31000.0,3931.0,11171.0,6929.815857742702,5139.6
2024-03-01,Bangalore,D6959,XL6,1550000,11,114946,1,94.24,10686,1,0.95,31000.0,4348.0,6321.666666666667,6929.815857742702,11125.283333333333
2024-10-01,Bangalore,D8196,XL6,1400000,9,117643,2,94.48,14576,1,0.95,28000.0,10686.0,9870.0,6929.815857742702,15405.583333333334
2025-09-01,Bangalore,D2854,XL6,1550000,4,47030,0,97.04,4083,1,0.95,31000.0,14576.0,9781.666666666666,6929.815857742702,5060.316666666667
2025-11-01,Bangalore,D5662,XL6,1400000,12,94571,2,100.65,11304,1,0.95,28000.0,4083.0,9987.666666666666,6929.815857742702,11876.108333333334
2023-02-01,Chennai,D7166,XL6,1550000,5,59921,0,92.69,4851,1,0.95,31000.0,13735.0,7623.666666666667,4947.056561132855,5292.675
2024-05-01,Chennai,D4177,XL6,1700000,2,48544,0,96.75,4819,1,0.95,34000.0,4851.0,7801.666666666667,4947.056561132855,5383.741666666667
2024-12-01,Chennai,D4797,XL6,1700000,6,93950,1,97.0,11811,1,0.95,34000.0,4819.0,7160.333333333333,4947.056561132855,10863.758333333333
2025-05-01,Chennai,D2645,XL6,1550000,2,45997,0,99.67,3647,1,0.95,31000.0,11811.0,6759.0,4947.056561132855,3700.875
2025-12-01,Chennai,D7514,XL6,1700000,5,107941,1,99.45,14872,1,0.95,34000.0,3647.0,10110.0,4947.056561132855,13540.991666666667
2023-08-01,Delhi,D1984,XL6,1400000,8,88714,1,94.3,9328,1,0.95,28000.0,6125.0,6231.333333333333,4086.906582088008,9319.083333333334
2024-04-01,Delhi,D1126,XL6,1700000,3,63453,0,96.42,6280,1,0.95,34000.0,9328.0,7244.333333333333,4086.906582088008,6290.041666666667
2025-01-01,Delhi,D2792,XL6,1550000,11,106849,1,97.28,11883,1,0.95,31000.0,6280.0,9163.666666666666,4086.906582088008,11876.441666666668
2025-04-01,Delhi,D4417,XL6,1550000,4,69933,0,100.77,6345,1,0.95,31000.0,11883.0,8169.333333333333,4086.906582088008,9703.3
2025-08-01,Delhi,D4072,XL6,1700000,5,73911,1,99.37,8324,1,0.95,34000.0,6345.0,8850.666666666666,4086.906582088008,11137.341666666667
2025-10-01,Delhi,D5021,XL6,1400000,12,174870,2,99.54,16367,1,0.95,28000.0,8324.0,10345.333333333334,4086.906582088008,25094.041666666668
2022-12-01,Hyderabad,D3116,XL6,1700000,8,119519,1,89.1,14650,1,0.95,34000.0,4650.0,10075.666666666666,6231.684486995033,15087.1
2023-01-01,Hyderabad,D6779,XL6,1400000,10,59503,1,92.58,6241,1,0.95,28000.0,14650.0,8513.666666666666,6231.684486995033,6638.475
2023-04-01,Hyderabad,D1345,XL6,1700000,6,46905,0,94.63,4163,1,0.95,34000.0,6241.0,8351.333333333334,6231.684486995033,4823.866666666667
2023-10-01,Hyderabad,D1827,XL6,1550000,12,157425,2,94.28,22011,1,0.95,31000.0,4163.0,10805.0,6231.684486995033,21915.141666666666
2024-07-01,Hyderabad,D7024,XL6,1400000,4,60841,0,95.54,5498,1,0.95,28000.0,22011.0,10557.333333333334,6231.684486995033,6275.808333333333
2024-09-01,Hyderabad,D5146,XL6,1550000,3,40736,0,95.48,3332,1,0.95,31000.0,5498.0,10280.333333333334,6231.684486995033,5547.775
2024-11-01,Hyderabad,D4368,XL6,1400000,8,130408,2,95.68,19313,1,0.95,28000.0,3332.0,9381.0,6231.684486995033,17022.308333333334
2025-02-01,Hyderabad,D6732,XL6,1700000,2,64964,0,97.32,6456,1,0.95,34000.0,19313.0,9700.333333333334,6231.684486995033,7183.7
2025-03-01,Hyderabad,D4476,XL6,1550000,8,78044,1,98.42,6936,1,0.95,31000.0,6456.0,10901.666666666666,6231.684486995033,13223.233333333334
2025-07-01,Hyderabad,D3872,XL6,1700000,2,63069,0,98.45,5665,1,0.95,34000.0,6936.0,6352.333333333333,6231.684486995033,4447.483333333334
2023-06-01,Mumbai,D3443,XL6,1400000,3,56806,0,93.43,5299,1,0.95,28000.0,10430.0,6852.666666666667,5239.644407319213,4749.075
2023-09-01,Mumbai,D8790,XL6,1400000,3,69896,0,94.82,5503,1,0.95,28000.0,5299.0,7077.333333333333,5239.644407319213,8958.441666666668
2023-11-01,Mumbai,D4531,XL6,1700000,8,172949,2,91.01,22321,1,0.95,34000.0,5503.0,11041.0,5239.644407319213,22907.191666666666
2023-12-01,Mumbai,D8147,XL6,1550000,11,52461,1,93.55,5157,1,0.95,31000.0,22321.0,10993.666666666666,5239.644407319213,5680.675
2024-01-01,Mumbai,D5451,XL6,1400000,9,64291,1,94.2,7287,1,0.95,28000.0,5157.0,11588.333333333334,5239.644407319213,9252.483333333334
2024-02-01,Mumbai,D4876,XL6,1400000,6,41435,0,95.03,3141,1,0.95,28000.0,7287.0,5195.0,5239.644407319213,3397.675
2024-06-01,Mumbai,D9795,XL6,1400000,3,42258,0,94.46,3765,1,0.95,28000.0,3141.0,4731.0,5239.644407319213,3626.741666666667
2024-08-01,Mumbai,D6109,XL6,1700000,6,98758,1,95.82,9677,1,0.95,34000.0,3765.0,5527.666666666667,5239.644407319213,9578.008333333333
2025-06-01,Mumbai,D4030,XL6,1400000,5,44215,0,99.71,4065,1,0.95,28000.0,9677.0,5835.666666666667,5239.644407319213,3873.2
2026-01-01,Mumbai,D6031,XL6,1400000,6,108005,1,103.49,9170,1,0.95,28000.0,4065.0,7637.333333333333,5239.644407319213,10007.425
